{"stats":{"minecraft:killed_by":{"minecraft:zombie":2,"minecraft:skeleton":1},"minecraft:custom":{"minecraft:jump":50,"minecraft:time_since_rest":14810,"minecraft:damage_taken":740,"minecraft:walk_one_cm":21352,"minecraft:damage_dealt":9,"minecraft:crouch_one_cm":201,"minecraft:leave_game":5,"minecraft:sprint_one_cm":4304,"minecraft:play_time":17914,"minecraft:time_since_death":6303,"minecraft:walk_on_water_one_cm":472,"minecraft:deaths":3,"minecraft:sneak_time":44,"minecraft:total_world_time":17914,"minecraft:walk_under_water_one_cm":191,"minecraft:fall_one_cm":1111,"minecraft:fly_one_cm":2677}},"DataVersion":3953}