{"stats":{"minecraft:killed_by":{"minecraft:zombie":2,"minecraft:skeleton":1},"minecraft:custom":{"minecraft:jump":48,"minecraft:time_since_rest":9808,"minecraft:damage_taken":740,"minecraft:walk_one_cm":18665,"minecraft:damage_dealt":9,"minecraft:crouch_one_cm":201,"minecraft:leave_game":4,"minecraft:sprint_one_cm":4304,"minecraft:play_time":12912,"minecraft:time_since_death":1301,"minecraft:walk_on_water_one_cm":472,"minecraft:deaths":3,"minecraft:sneak_time":44,"minecraft:total_world_time":12912,"minecraft:walk_under_water_one_cm":191,"minecraft:fall_one_cm":1111,"minecraft:fly_one_cm":2677}},"DataVersion":3953}