{"stats":{"minecraft:killed":{"minecraft:pig":1,"minecraft:spider":2,"minecraft:skeleton":4,"minecraft:sheep":5,"minecraft:zombie":4,"minecraft:chicken":1,"minecraft:cow":3},"minecraft:used":{"minecraft:cooked_mutton":5,"minecraft:stone_sword":133,"minecraft:stone_shovel":64,"minecraft:stone_pickaxe":544,"minecraft:oak_planks":129,"minecraft:chest":1,"minecraft:shield":11,"minecraft:wooden_pickaxe":59,"minecraft:cobblestone_slab":229,"minecraft:cooked_chicken":2,"minecraft:oak_door":4,"minecraft:torch":6,"minecraft:dirt":9,"minecraft:mutton":1,"minecraft:crafting_table":2,"minecraft:cobblestone_wall":12,"minecraft:white_bed":1,"minecraft:granite":10,"minecraft:oak_log":16,"minecraft:glass":10,"minecraft:wooden_axe":100,"minecraft:iron_pickaxe":96,"minecraft:cobblestone":66,"minecraft:beef":4,"minecraft:porkchop":2,"minecraft:cooked_porkchop":2,"minecraft:oak_sapling":1,"minecraft:furnace":1,"minecraft:cooked_cod":6,"minecraft:cobbled_deepslate":62},"minecraft:broken":{"minecraft:stone_pickaxe":4,"minecraft:wooden_axe":2,"minecraft:wooden_pickaxe":1},"minecraft:mined":{"minecraft:tuff":7,"minecraft:deepslate_diamond_ore":13,"minecraft:crafting_table":2,"minecraft:glow_lichen":1,"minecraft:granite":23,"minecraft:short_grass":17,"minecraft:grass_block":73,"minecraft:tall_grass":1,"minecraft:copper_ore":6,"minecraft:cobblestone":2,"minecraft:deepslate_gold_ore":11,"minecraft:sugar_cane":1,"minecraft:oak_planks":15,"minecraft:diorite":45,"minecraft:furnace":1,"minecraft:cobblestone_wall":6,"minecraft:iron_ore":8,"minecraft:birch_leaves":3,"minecraft:coal_ore":31,"minecraft:oak_log":64,"minecraft:cobblestone_slab":28,"minecraft:deepslate_iron_ore":12,"minecraft:dirt":15,"minecraft:sand":10,"minecraft:stone":411,"minecraft:oak_leaves":17,"minecraft:deepslate":70},"minecraft:dropped":{"minecraft:gravel":24,"minecraft:wheat_seeds":2,"minecraft:cobblestone_wall":18,"minecraft:cobbled_deepslate":96,"minecraft:diamond":13,"minecraft:tuff":4,"minecraft:birch_sapling":4,"minecraft:rotten_flesh":2,"minecraft:cobblestone":174,"minecraft:oak_planks":2,"minecraft:granite":22,"minecraft:cobblestone_slab":22,"minecraft:dirt":55,"minecraft:andesite":36,"minecraft:oak_sapling":4},"minecraft:killed_by":{"minecraft:zombie":2},"minecraft:crafted":{"minecraft:oak_door":3,"minecraft:oak_planks":188,"minecraft:cobblestone_slab":210,"minecraft:stone_shovel":1,"minecraft:crafting_table":1,"minecraft:wooden_pickaxe":1,"minecraft:cooked_chicken":1,"minecraft:iron_helmet":1,"minecraft:furnace":1,"minecraft:cobblestone_stairs":8,"minecraft:cooked_mutton":5,"minecraft:glass":10,"minecraft:iron_chestplate":1,"minecraft:iron_boots":1,"minecraft:shield":1,"minecraft:stick":36,"minecraft:iron_ingot":25,"minecraft:wooden_axe":2,"minecraft:stone_pickaxe":5,"minecraft:oak_stairs":4,"minecraft:cobblestone_wall":12,"minecraft:stone_sword":2,"minecraft:chest":1,"minecraft:iron_leggings":1,"minecraft:white_bed":1,"minecraft:torch":8},"minecraft:custom":{"minecraft:interact_with_furnace":20,"minecraft:mob_kills":21,"minecraft:interact_with_crafting_table":31,"minecraft:leave_game":2,"minecraft:time_since_death":79650,"minecraft:sleep_in_bed":2,"minecraft:time_since_rest":79732,"minecraft:sprint_one_cm":478446,"minecraft:damage_taken":1260,"minecraft:walk_one_cm":587720,"minecraft:damage_blocked_by_shield":400,"minecraft:drop":26,"minecraft:damage_dealt":3180,"minecraft:swim_one_cm":9509,"minecraft:fly_one_cm":104692,"minecraft:open_chest":9,"minecraft:crouch_one_cm":6185,"minecraft:play_time":173520,"minecraft:deaths":2,"minecraft:sneak_time":3150,"minecraft:walk_under_water_one_cm":5326,"minecraft:boat_one_cm":196176,"minecraft:jump":1647,"minecraft:walk_on_water_one_cm":17234,"minecraft:total_world_time":173520,"minecraft:fall_one_cm":17915},"minecraft:picked_up":{"minecraft:wooden_axe":1,"minecraft:crafting_table":2,"minecraft:feather":1,"minecraft:chicken":1,"minecraft:andesite":36,"minecraft:leather":1,"minecraft:wooden_pickaxe":1,"minecraft:tuff":4,"minecraft:oak_log":81,"minecraft:cobblestone_wall":18,"minecraft:string":2,"minecraft:dirt":99,"minecraft:raw_copper":26,"minecraft:bone":8,"minecraft:wheat_seeds":4,"minecraft:cobbled_deepslate":180,"minecraft:raw_gold":11,"minecraft:iron_ingot":1,"minecraft:beef":5,"minecraft:cooked_chicken":1,"minecraft:cobblestone_slab":41,"minecraft:iron_pickaxe":1,"minecraft:sugar_cane":2,"minecraft:birch_sapling":4,"minecraft:oak_planks":32,"minecraft:furnace":1,"minecraft:stick":7,"minecraft:raw_iron":32,"minecraft:oak_door":2,"minecraft:cooked_porkchop":2,"minecraft:torch":1,"minecraft:gravel":24,"minecraft:porkchop":2,"minecraft:sand":10,"minecraft:diorite":45,"minecraft:spider_eye":2,"minecraft:arrow":5,"minecraft:rotten_flesh":8,"minecraft:cooked_cod":6,"minecraft:diamond":13,"minecraft:granite":32,"minecraft:oak_sapling":5,"minecraft:mutton":6,"minecraft:coal":31,"minecraft:white_wool":5,"minecraft:cobblestone":537}},"DataVersion":3953}