{"stats":{"minecraft:killed":{"minecraft:pig":1,"minecraft:spider":2,"minecraft:skeleton":4,"minecraft:sheep":5,"minecraft:zombie":6,"minecraft:chicken":1,"minecraft:cow":3},"minecraft:used":{"minecraft:cooked_mutton":5,"minecraft:stone_sword":144,"minecraft:stone_shovel":64,"minecraft:stone_pickaxe":747,"minecraft:oak_planks":129,"minecraft:chest":1,"minecraft:shield":11,"minecraft:wooden_pickaxe":59,"minecraft:cobblestone_slab":229,"minecraft:cooked_chicken":2,"minecraft:oak_door":4,"minecraft:torch":10,"minecraft:dirt":26,"minecraft:mutton":1,"minecraft:crafting_table":2,"minecraft:cobblestone_wall":12,"minecraft:white_bed":1,"minecraft:granite":10,"minecraft:oak_log":16,"minecraft:glass":10,"minecraft:wooden_axe":100,"minecraft:apple":3,"minecraft:iron_pickaxe":150,"minecraft:cobblestone":89,"minecraft:beef":4,"minecraft:porkchop":2,"minecraft:cooked_porkchop":2,"minecraft:oak_sapling":1,"minecraft:furnace":1,"minecraft:cooked_cod":7,"minecraft:cobbled_deepslate":62},"minecraft:broken":{"minecraft:stone_pickaxe":5,"minecraft:wooden_axe":2,"minecraft:wooden_pickaxe":1},"minecraft:mined":{"minecraft:tuff":7,"minecraft:deepslate_diamond_ore":13,"minecraft:crafting_table":2,"minecraft:glow_lichen":1,"minecraft:granite":23,"minecraft:short_grass":18,"minecraft:grass_block":77,"minecraft:tall_grass":1,"minecraft:copper_ore":6,"minecraft:cobblestone":4,"minecraft:deepslate_gold_ore":11,"minecraft:sugar_cane":1,"minecraft:oak_planks":15,"minecraft:diorite":52,"minecraft:furnace":1,"minecraft:cobblestone_wall":6,"minecraft:iron_ore":27,"minecraft:andesite":8,"minecraft:birch_leaves":3,"minecraft:coal_ore":81,"minecraft:oak_log":78,"minecraft:cobblestone_slab":28,"minecraft:deepslate_iron_ore":12,"minecraft:gravel":10,"minecraft:dirt":44,"minecraft:sand":10,"minecraft:stone":538,"minecraft:oak_leaves":17,"minecraft:deepslate":70},"minecraft:dropped":{"minecraft:gravel":24,"minecraft:wheat_seeds":2,"minecraft:cobblestone_wall":18,"minecraft:cobbled_deepslate":96,"minecraft:diamond":13,"minecraft:tuff":4,"minecraft:birch_sapling":4,"minecraft:rotten_flesh":2,"minecraft:cobblestone":174,"minecraft:oak_planks":2,"minecraft:granite":22,"minecraft:cobblestone_slab":22,"minecraft:dirt":55,"minecraft:andesite":36,"minecraft:oak_sapling":4},"minecraft:killed_by":{"minecraft:skeleton":1,"minecraft:creeper":1,"minecraft:zombie":5},"minecraft:crafted":{"minecraft:oak_door":3,"minecraft:oak_planks":220,"minecraft:cobblestone_slab":210,"minecraft:stone_shovel":1,"minecraft:crafting_table":1,"minecraft:wooden_pickaxe":1,"minecraft:cooked_chicken":1,"minecraft:iron_helmet":1,"minecraft:furnace":1,"minecraft:cobblestone_stairs":8,"minecraft:cooked_mutton":5,"minecraft:glass":10,"minecraft:iron_chestplate":1,"minecraft:iron_boots":1,"minecraft:shield":1,"minecraft:stick":44,"minecraft:iron_ingot":25,"minecraft:wooden_axe":2,"minecraft:stone_pickaxe":7,"minecraft:oak_stairs":4,"minecraft:cobblestone_wall":12,"minecraft:stone_sword":3,"minecraft:chest":1,"minecraft:iron_leggings":1,"minecraft:white_bed":1,"minecraft:torch":12},"minecraft:custom":{"minecraft:interact_with_furnace":20,"minecraft:mob_kills":23,"minecraft:interact_with_crafting_table":32,"minecraft:leave_game":2,"minecraft:time_since_death":7032,"minecraft:sleep_in_bed":3,"minecraft:time_since_rest":7130,"minecraft:sprint_one_cm":512117,"minecraft:damage_taken":2592,"minecraft:walk_one_cm":705218,"minecraft:damage_blocked_by_shield":400,"minecraft:drop":26,"minecraft:damage_dealt":3667,"minecraft:swim_one_cm":17451,"minecraft:fly_one_cm":117422,"minecraft:open_chest":12,"minecraft:crouch_one_cm":7168,"minecraft:play_time":209520,"minecraft:deaths":7,"minecraft:sneak_time":4830,"minecraft:walk_under_water_one_cm":8115,"minecraft:boat_one_cm":196176,"minecraft:jump":2016,"minecraft:walk_on_water_one_cm":18823,"minecraft:total_world_time":209520,"minecraft:fall_one_cm":24466},"minecraft:picked_up":{"minecraft:wooden_axe":1,"minecraft:crafting_table":2,"minecraft:feather":1,"minecraft:chicken":1,"minecraft:andesite":47,"minecraft:leather":1,"minecraft:wooden_pickaxe":1,"minecraft:flint":5,"minecraft:tuff":4,"minecraft:oak_log":101,"minecraft:gunpowder":2,"minecraft:cobblestone_wall":18,"minecraft:string":2,"minecraft:dirt":185,"minecraft:raw_copper":26,"minecraft:bone":8,"minecraft:apple":5,"minecraft:wheat_seeds":10,"minecraft:cobbled_deepslate":180,"minecraft:raw_gold":11,"minecraft:stone_pickaxe":2,"minecraft:iron_ingot":1,"minecraft:beef":5,"minecraft:cooked_chicken":1,"minecraft:cobblestone_slab":41,"minecraft:iron_pickaxe":3,"minecraft:sugar_cane":2,"minecraft:birch_sapling":4,"minecraft:oak_planks":60,"minecraft:furnace":1,"minecraft:stick":9,"minecraft:raw_iron":66,"minecraft:oak_door":2,"minecraft:cooked_porkchop":2,"minecraft:torch":3,"minecraft:gravel":55,"minecraft:porkchop":2,"minecraft:sand":10,"minecraft:diorite":53,"minecraft:spider_eye":2,"minecraft:stone_sword":2,"minecraft:arrow":5,"minecraft:rotten_flesh":11,"minecraft:cooked_cod":15,"minecraft:diamond":13,"minecraft:granite":34,"minecraft:oak_sapling":7,"minecraft:mutton":6,"minecraft:coal":146,"minecraft:white_wool":5,"minecraft:cobblestone":763}},"DataVersion":3953}