{"stats":{"minecraft:killed":{"minecraft:spider":2,"minecraft:skeleton":4,"minecraft:chicken":5,"minecraft:pig":4,"minecraft:salmon":1,"minecraft:sheep":25,"minecraft:zombie":7,"minecraft:cow":11},"minecraft:custom":{"minecraft:interact_with_anvil":1,"minecraft:mob_kills":60,"minecraft:interact_with_crafting_table":39,"minecraft:leave_game":4,"minecraft:time_since_death":9020,"minecraft:climb_one_cm":1080,"minecraft:sprint_one_cm":776087,"minecraft:walk_one_cm":1039895,"minecraft:damage_blocked_by_shield":400,"minecraft:drop":43,"minecraft:talked_to_villager":2,"minecraft:play_time":341639,"minecraft:deaths":10,"minecraft:sneak_time":8113,"minecraft:walk_under_water_one_cm":11159,"minecraft:boat_one_cm":260459,"minecraft:jump":2901,"minecraft:walk_on_water_one_cm":31095,"minecraft:enchant_item":1,"minecraft:total_world_time":341639,"minecraft:interact_with_furnace":59,"minecraft:sleep_in_bed":9,"minecraft:time_since_rest":111,"minecraft:damage_taken":3605,"minecraft:damage_dealt":7114,"minecraft:swim_one_cm":44484,"minecraft:fly_one_cm":167788,"minecraft:open_chest":106,"minecraft:crouch_one_cm":8184,"minecraft:fish_caught":9,"minecraft:fall_one_cm":34002},"minecraft:dropped":{"minecraft:porkchop":5,"minecraft:wheat_seeds":2,"minecraft:lapis_lazuli":61,"minecraft:diamond":13,"minecraft:cobblestone":174,"minecraft:leather":7,"minecraft:granite":22,"minecraft:cod":5,"minecraft:pufferfish":1,"minecraft:dirt":55,"minecraft:mutton":24,"minecraft:paper":6,"minecraft:fishing_rod":1,"minecraft:gravel":24,"minecraft:cobblestone_wall":18,"minecraft:cobbled_deepslate":96,"minecraft:tuff":4,"minecraft:birch_sapling":4,"minecraft:chicken":1,"minecraft:rotten_flesh":2,"minecraft:oak_planks":2,"minecraft:salmon":3,"minecraft:flint_and_steel":1,"minecraft:cobblestone_slab":22,"minecraft:andesite":36,"minecraft:oak_sapling":4,"minecraft:beef":15},"minecraft:killed_by":{"minecraft:creeper":1,"minecraft:pillager":1,"minecraft:cave_spider":1,"minecraft:skeleton":1,"minecraft:zombie":6},"minecraft:crafted":{"minecraft:oak_door":3,"minecraft:oak_planks":240,"minecraft:cobblestone_slab":210,"minecraft:stone_shovel":1,"minecraft:cooked_chicken":1,"minecraft:furnace":1,"minecraft:cobblestone_stairs":8,"minecraft:cooked_mutton":5,"minecraft:glass":10,"minecraft:iron_boots":1,"minecraft:iron_axe":1,"minecraft:stone_pickaxe":7,"minecraft:cobblestone_wall":12,"minecraft:chest":2,"minecraft:cooked_cod":11,"minecraft:cooked_porkchop":24,"minecraft:crafting_table":1,"minecraft:wooden_pickaxe":1,"minecraft:iron_helmet":1,"minecraft:iron_sword":1,"minecraft:iron_chestplate":1,"minecraft:paper":6,"minecraft:shield":2,"minecraft:stick":52,"minecraft:iron_ingot":33,"minecraft:iron_pickaxe":1,"minecraft:oak_stairs":4,"minecraft:wooden_axe":2,"minecraft:stone_sword":3,"minecraft:iron_leggings":1,"minecraft:white_bed":1,"minecraft:torch":44},"minecraft:used":{"minecraft:stone_sword":150,"minecraft:stone_shovel":64,"minecraft:chest":3,"minecraft:shield":11,"minecraft:iron_sword":1,"minecraft:cooked_chicken":2,"minecraft:oak_door":4,"minecraft:torch":10,"minecraft:dirt":48,"minecraft:mutton":1,"minecraft:cobblestone_wall":12,"minecraft:granite":10,"minecraft:glass":10,"minecraft:wooden_axe":100,"minecraft:iron_axe":88,"minecraft:beef":4,"minecraft:oak_sapling":1,"minecraft:furnace":1,"minecraft:cooked_cod":12,"minecraft:cobbled_deepslate":62,"minecraft:cooked_mutton":8,"minecraft:stone_pickaxe":747,"minecraft:oak_planks":130,"minecraft:wooden_pickaxe":59,"minecraft:cobblestone_slab":229,"minecraft:crafting_table":2,"minecraft:white_bed":2,"minecraft:cod":1,"minecraft:oak_log":16,"minecraft:apple":3,"minecraft:iron_pickaxe":205,"minecraft:fishing_rod":23,"minecraft:cobblestone":89,"minecraft:cooked_porkchop":3,"minecraft:porkchop":2},"minecraft:mined":{"minecraft:tuff":7,"minecraft:white_bed":1,"minecraft:deepslate_diamond_ore":13,"minecraft:glow_lichen":1,"minecraft:granite":23,"minecraft:grass_block":87,"minecraft:decorated_pot":5,"minecraft:tuff_bricks":1,"minecraft:furnace":2,"minecraft:iron_ore":27,"minecraft:polished_tuff":1,"minecraft:andesite":16,"minecraft:cobblestone_slab":28,"minecraft:deepslate_iron_ore":12,"minecraft:stone":543,"minecraft:crafting_table":4,"minecraft:short_grass":22,"minecraft:chest":1,"minecraft:cobblestone":4,"minecraft:copper_ore":6,"minecraft:tall_grass":1,"minecraft:deepslate_gold_ore":11,"minecraft:oak_planks":16,"minecraft:sugar_cane":6,"minecraft:diorite":53,"minecraft:cobblestone_wall":6,"minecraft:birch_leaves":3,"minecraft:oak_log":83,"minecraft:coal_ore":95,"minecraft:gravel":10,"minecraft:sand":10,"minecraft:dirt":58,"minecraft:oak_leaves":19,"minecraft:deepslate":70},"minecraft:picked_up":{"minecraft:wooden_axe":1,"minecraft:fishing_rod":2,"minecraft:crafting_table":4,"minecraft:wheat":12,"minecraft:chicken":5,"minecraft:wooden_pickaxe":1,"minecraft:oak_stairs":4,"minecraft:shield":1,"minecraft:brick":18,"minecraft:string":2,"minecraft:raw_copper":45,"minecraft:iron_axe":3,"minecraft:flint_and_steel":1,"minecraft:iron_leggings":1,"minecraft:pufferfish":1,"minecraft:cobbled_deepslate":180,"minecraft:beef":23,"minecraft:oak_boat":1,"minecraft:cobblestone_slab":41,"minecraft:iron_pickaxe":5,"minecraft:birch_sapling":4,"minecraft:sugar_cane":9,"minecraft:chest":1,"minecraft:egg":1,"minecraft:iron_boots":1,"minecraft:furnace":2,"minecraft:stick":9,"minecraft:raw_iron":66,"minecraft:oak_door":3,"minecraft:torch":3,"minecraft:porkchop":7,"minecraft:flow_pottery_sherd":1,"minecraft:diorite":92,"minecraft:golden_chestplate":2,"minecraft:stone_sword":3,"minecraft:arrow":12,"minecraft:rotten_flesh":14,"minecraft:cooked_cod":15,"minecraft:tuff_bricks":2,"minecraft:mutton":38,"minecraft:cod":6,"minecraft:white_wool":25,"minecraft:cobblestone":807,"minecraft:feather":6,"minecraft:cooked_beef":10,"minecraft:tripwire_hook":1,"minecraft:andesite":55,"minecraft:salmon":3,"minecraft:brown_wool":1,"minecraft:leather":8,"minecraft:flint":5,"minecraft:tuff":4,"minecraft:oak_log":106,"minecraft:gunpowder":2,"minecraft:cobblestone_wall":18,"minecraft:cobblestone_stairs":8,"minecraft:lapis_lazuli":64,"minecraft:dirt":228,"minecraft:cooked_mutton":3,"minecraft:bone":12,"minecraft:apple":5,"minecraft:wheat_seeds":13,"minecraft:raw_gold":11,"minecraft:iron_ingot":7,"minecraft:stone_pickaxe":2,"minecraft:cooked_chicken":1,"minecraft:iron_sword":1,"minecraft:oak_planks":61,"minecraft:scrape_pottery_sherd":1,"minecraft:cooked_porkchop":3,"minecraft:gravel":55,"minecraft:sand":10,"minecraft:white_bed":1,"minecraft:polished_tuff":2,"minecraft:spider_eye":2,"minecraft:diamond":13,"minecraft:iron_helmet":1,"minecraft:granite":34,"minecraft:gray_wool":2,"minecraft:emerald":1,"minecraft:oak_sapling":7,"minecraft:coal":198},"minecraft:broken":{"minecraft:wooden_pickaxe":1,"minecraft:stone_pickaxe":5,"minecraft:wooden_axe":2}},"DataVersion":3953}