{"stats":{"minecraft:killed":{"minecraft:spider":2,"minecraft:skeleton":4,"minecraft:chicken":1,"minecraft:pig":3,"minecraft:salmon":1,"minecraft:sheep":7,"minecraft:zombie":6,"minecraft:cow":5},"minecraft:broken":{"minecraft:wooden_pickaxe":1,"minecraft:stone_pickaxe":5,"minecraft:wooden_axe":2},"minecraft:used":{"minecraft:stone_sword":144,"minecraft:stone_shovel":64,"minecraft:chest":2,"minecraft:shield":11,"minecraft:cooked_chicken":2,"minecraft:oak_door":4,"minecraft:torch":10,"minecraft:dirt":48,"minecraft:mutton":1,"minecraft:cobblestone_wall":12,"minecraft:granite":10,"minecraft:glass":10,"minecraft:wooden_axe":100,"minecraft:iron_axe":35,"minecraft:beef":4,"minecraft:furnace":1,"minecraft:oak_sapling":1,"minecraft:cooked_cod":12,"minecraft:cobbled_deepslate":62,"minecraft:cooked_mutton":5,"minecraft:stone_pickaxe":747,"minecraft:oak_planks":130,"minecraft:wooden_pickaxe":59,"minecraft:cobblestone_slab":229,"minecraft:crafting_table":2,"minecraft:white_bed":2,"minecraft:cod":1,"minecraft:oak_log":16,"minecraft:apple":3,"minecraft:iron_pickaxe":177,"minecraft:fishing_rod":23,"minecraft:cobblestone":89,"minecraft:cooked_porkchop":2,"minecraft:porkchop":2},"minecraft:mined":{"minecraft:tuff":7,"minecraft:white_bed":1,"minecraft:deepslate_diamond_ore":13,"minecraft:glow_lichen":1,"minecraft:granite":23,"minecraft:grass_block":82,"minecraft:decorated_pot":5,"minecraft:tuff_bricks":1,"minecraft:furnace":2,"minecraft:iron_ore":27,"minecraft:polished_tuff":1,"minecraft:andesite":16,"minecraft:deepslate_iron_ore":12,"minecraft:cobblestone_slab":28,"minecraft:stone":540,"minecraft:crafting_table":3,"minecraft:short_grass":19,"minecraft:chest":1,"minecraft:cobblestone":4,"minecraft:copper_ore":6,"minecraft:tall_grass":1,"minecraft:deepslate_gold_ore":11,"minecraft:oak_planks":16,"minecraft:sugar_cane":6,"minecraft:diorite":52,"minecraft:cobblestone_wall":6,"minecraft:birch_leaves":3,"minecraft:oak_log":83,"minecraft:coal_ore":81,"minecraft:gravel":10,"minecraft:sand":10,"minecraft:dirt":56,"minecraft:oak_leaves":19,"minecraft:deepslate":70},"minecraft:dropped":{"minecraft:porkchop":1,"minecraft:wheat_seeds":2,"minecraft:diamond":13,"minecraft:cobblestone":174,"minecraft:leather":4,"minecraft:granite":22,"minecraft:cod":5,"minecraft:pufferfish":1,"minecraft:dirt":55,"minecraft:paper":6,"minecraft:fishing_rod":1,"minecraft:gravel":24,"minecraft:cobbled_deepslate":96,"minecraft:cobblestone_wall":18,"minecraft:tuff":4,"minecraft:birch_sapling":4,"minecraft:rotten_flesh":2,"minecraft:oak_planks":2,"minecraft:salmon":2,"minecraft:cobblestone_slab":22,"minecraft:andesite":36,"minecraft:oak_sapling":4,"minecraft:beef":1},"minecraft:killed_by":{"minecraft:creeper":1,"minecraft:cave_spider":1,"minecraft:skeleton":1,"minecraft:zombie":6},"minecraft:custom":{"minecraft:mob_kills":30,"minecraft:interact_with_crafting_table":34,"minecraft:leave_game":2,"minecraft:time_since_death":55048,"minecraft:climb_one_cm":1080,"minecraft:sprint_one_cm":638277,"minecraft:walk_one_cm":855207,"minecraft:damage_blocked_by_shield":400,"minecraft:drop":34,"minecraft:play_time":269520,"minecraft:sneak_time":7489,"minecraft:deaths":9,"minecraft:walk_under_water_one_cm":11061,"minecraft:boat_one_cm":196504,"minecraft:jump":2389,"minecraft:walk_on_water_one_cm":25135,"minecraft:total_world_time":269520,"minecraft:interact_with_furnace":43,"minecraft:sleep_in_bed":5,"minecraft:time_since_rest":14908,"minecraft:damage_taken":3177,"minecraft:damage_dealt":4552,"minecraft:swim_one_cm":36015,"minecraft:fly_one_cm":140629,"minecraft:open_chest":27,"minecraft:crouch_one_cm":7585,"minecraft:fish_caught":9,"minecraft:fall_one_cm":28694},"minecraft:crafted":{"minecraft:oak_door":3,"minecraft:oak_planks":240,"minecraft:cobblestone_slab":210,"minecraft:stone_shovel":1,"minecraft:cooked_chicken":1,"minecraft:furnace":1,"minecraft:cobblestone_stairs":8,"minecraft:cooked_mutton":5,"minecraft:glass":10,"minecraft:iron_boots":1,"minecraft:stone_pickaxe":7,"minecraft:cobblestone_wall":12,"minecraft:chest":1,"minecraft:cooked_cod":11,"minecraft:crafting_table":1,"minecraft:wooden_pickaxe":1,"minecraft:iron_helmet":1,"minecraft:iron_chestplate":1,"minecraft:paper":6,"minecraft:shield":2,"minecraft:stick":52,"minecraft:iron_ingot":33,"minecraft:oak_stairs":4,"minecraft:wooden_axe":2,"minecraft:stone_sword":3,"minecraft:iron_leggings":1,"minecraft:white_bed":1,"minecraft:torch":44},"minecraft:picked_up":{"minecraft:wooden_axe":1,"minecraft:fishing_rod":2,"minecraft:crafting_table":3,"minecraft:wheat":12,"minecraft:chicken":1,"minecraft:wooden_pickaxe":1,"minecraft:oak_stairs":4,"minecraft:brick":18,"minecraft:string":2,"minecraft:raw_copper":45,"minecraft:iron_axe":1,"minecraft:pufferfish":1,"minecraft:cobbled_deepslate":180,"minecraft:beef":9,"minecraft:cobblestone_slab":41,"minecraft:iron_pickaxe":3,"minecraft:chest":1,"minecraft:sugar_cane":9,"minecraft:birch_sapling":4,"minecraft:furnace":2,"minecraft:raw_iron":66,"minecraft:stick":9,"minecraft:oak_door":3,"minecraft:torch":3,"minecraft:porkchop":6,"minecraft:flow_pottery_sherd":1,"minecraft:diorite":91,"minecraft:golden_chestplate":1,"minecraft:stone_sword":2,"minecraft:arrow":10,"minecraft:rotten_flesh":12,"minecraft:cooked_cod":15,"minecraft:tuff_bricks":2,"minecraft:mutton":9,"minecraft:cod":6,"minecraft:white_wool":8,"minecraft:cobblestone":805,"minecraft:feather":2,"minecraft:cooked_beef":1,"minecraft:tripwire_hook":1,"minecraft:salmon":3,"minecraft:andesite":55,"minecraft:leather":5,"minecraft:flint":5,"minecraft:tuff":4,"minecraft:oak_log":106,"minecraft:cobblestone_wall":18,"minecraft:gunpowder":2,"minecraft:cobblestone_stairs":8,"minecraft:dirt":214,"minecraft:cooked_mutton":3,"minecraft:bone":8,"minecraft:apple":5,"minecraft:wheat_seeds":13,"minecraft:raw_gold":11,"minecraft:cooked_chicken":1,"minecraft:iron_ingot":6,"minecraft:stone_pickaxe":2,"minecraft:oak_planks":61,"minecraft:scrape_pottery_sherd":1,"minecraft:cooked_porkchop":3,"minecraft:gravel":55,"minecraft:sand":10,"minecraft:white_bed":1,"minecraft:polished_tuff":2,"minecraft:spider_eye":2,"minecraft:diamond":13,"minecraft:granite":34,"minecraft:gray_wool":1,"minecraft:emerald":1,"minecraft:oak_sapling":7,"minecraft:coal":170}},"DataVersion":3953}