{"stats":{"minecraft:mined":{"minecraft:grass_block":1,"minecraft:dirt":3,"minecraft:oak_leaves":3,"minecraft:short_grass":1},"minecraft:picked_up":{"minecraft:bone":4,"minecraft:arrow":4,"minecraft:feather":1,"minecraft:stick":3,"minecraft:chicken":4,"minecraft:rotten_flesh":1,"minecraft:cooked_chicken":1,"minecraft:oak_sapling":3,"minecraft:dirt":4,"minecraft:oxeye_daisy":1},"minecraft:used":{"minecraft:cooked_chicken":3,"minecraft:dirt":4},"minecraft:killed_by":{"minecraft:zombie":1},"minecraft:dropped":{"minecraft:cooked_chicken":2,"minecraft:rotten_flesh":1},"minecraft:crafted":{"minecraft:cooked_chicken":4},"minecraft:custom":{"minecraft:time_since_rest":32603,"minecraft:open_chest":3,"minecraft:crouch_one_cm":792,"minecraft:play_time":39872,"minecraft:sprint_one_cm":60476,"minecraft:damage_taken":300,"minecraft:deaths":1,"minecraft:walk_one_cm":99719,"minecraft:sneak_time":900,"minecraft:walk_under_water_one_cm":3797,"minecraft:drop":2,"minecraft:jump":215,"minecraft:damage_dealt":4,"minecraft:leave_game":4,"minecraft:walk_on_water_one_cm":10075,"minecraft:time_since_death":29771,"minecraft:total_world_time":39872,"minecraft:interact_with_furnace":3,"minecraft:swim_one_cm":3185,"minecraft:fall_one_cm":3065,"minecraft:fly_one_cm":30695}},"DataVersion":3953}