{"stats":{"minecraft:dropped":{"minecraft:kelp":4,"minecraft:stone_pickaxe":2},"minecraft:crafted":{"minecraft:cooked_beef":6,"minecraft:wooden_sword":1,"minecraft:oak_planks":156,"minecraft:wooden_shovel":1,"minecraft:stone_shovel":1,"minecraft:crafting_table":4,"minecraft:wooden_pickaxe":1,"minecraft:birch_boat":1,"minecraft:furnace":1,"minecraft:birch_planks":32,"minecraft:stone_axe":1,"minecraft:air":0,"minecraft:oak_boat":3,"minecraft:wooden_hoe":1,"minecraft:stick":48,"minecraft:iron_ingot":3,"minecraft:iron_pickaxe":1,"minecraft:stone_pickaxe":5,"minecraft:wooden_axe":1,"minecraft:stone_sword":1,"minecraft:chest":2,"minecraft:torch":96,"minecraft:stone_hoe":1},"minecraft:broken":{"minecraft:wooden_pickaxe":1,"minecraft:stone_pickaxe":2},"minecraft:mined":{"minecraft:kelp_plant":2,"minecraft:crafting_table":3,"minecraft:granite":51,"minecraft:short_grass":7,"minecraft:grass_block":9,"minecraft:calcite":3,"minecraft:cobblestone":2,"minecraft:copper_ore":9,"minecraft:oak_planks":3,"minecraft:diorite":4,"minecraft:sandstone":1,"minecraft:wall_torch":1,"minecraft:amethyst_block":10,"minecraft:seagrass":9,"minecraft:tall_seagrass":2,"minecraft:birch_log":8,"minecraft:iron_ore":3,"minecraft:birch_leaves":1,"minecraft:azure_bluet":1,"minecraft:oak_log":42,"minecraft:coal_ore":64,"minecraft:dirt":15,"minecraft:sand":1,"minecraft:smooth_basalt":3,"minecraft:stone":415,"minecraft:oak_leaves":4},"minecraft:custom":{"minecraft:interact_with_furnace":1,"minecraft:mob_kills":7,"minecraft:interact_with_crafting_table":13,"minecraft:leave_game":6,"minecraft:time_since_death":920,"minecraft:time_since_rest":1129,"minecraft:sprint_one_cm":45018,"minecraft:damage_taken":1279,"minecraft:walk_one_cm":208883,"minecraft:drop":6,"minecraft:damage_dealt":1168,"minecraft:swim_one_cm":11784,"minecraft:fly_one_cm":22929,"minecraft:open_chest":2,"minecraft:crouch_one_cm":336,"minecraft:play_time":69861,"minecraft:deaths":4,"minecraft:sneak_time":393,"minecraft:walk_under_water_one_cm":7313,"minecraft:boat_one_cm":92127,"minecraft:jump":403,"minecraft:walk_on_water_one_cm":6028,"minecraft:total_world_time":69861,"minecraft:fall_one_cm":11431},"minecraft:killed":{"minecraft:skeleton":1,"minecraft:zombie":2,"minecraft:cow":4},"minecraft:picked_up":{"minecraft:wooden_axe":1,"minecraft:birch_log":8,"minecraft:crafting_table":3,"minecraft:azure_bluet":1,"minecraft:leather":2,"minecraft:oak_log":42,"minecraft:amethyst_block":25,"minecraft:dirt":24,"minecraft:raw_copper":64,"minecraft:apple":2,"minecraft:kelp":4,"minecraft:beef":10,"minecraft:stone_pickaxe":2,"minecraft:calcite":17,"minecraft:wooden_shovel":1,"minecraft:sugar_cane":7,"minecraft:stone_hoe":1,"minecraft:oak_planks":66,"minecraft:stick":6,"minecraft:raw_iron":3,"minecraft:sandstone":1,"minecraft:smooth_basalt":22,"minecraft:sand":1,"minecraft:diorite":17,"minecraft:stone_sword":1,"minecraft:rotten_flesh":2,"minecraft:stone_shovel":1,"minecraft:stone_axe":1,"minecraft:granite":51,"minecraft:oak_sapling":17,"minecraft:coal":80,"minecraft:cobblestone":545},"minecraft:used":{"minecraft:stone_sword":50,"minecraft:stone_shovel":14,"minecraft:stone_pickaxe":386,"minecraft:oak_planks":5,"minecraft:wooden_pickaxe":59,"minecraft:chest":1,"minecraft:birch_boat":1,"minecraft:torch":20,"minecraft:crafting_table":6,"minecraft:azure_bluet":1,"minecraft:wooden_axe":2,"minecraft:apple":2,"minecraft:iron_pickaxe":126,"minecraft:stone_axe":8,"minecraft:wooden_sword":1,"minecraft:cobblestone":18,"minecraft:furnace":1,"minecraft:oak_boat":2,"minecraft:cooked_beef":1},"minecraft:killed_by":{"minecraft:skeleton":1,"minecraft:zombie":2}},"DataVersion":3953}