{"stats":{"minecraft:killed":{"minecraft:cave_spider":5,"minecraft:spider":10,"minecraft:cod":14,"minecraft:skeleton":9,"minecraft:chicken":1,"minecraft:piglin_brute":1,"minecraft:husk":4,"minecraft:pig":4,"minecraft:salmon":2,"minecraft:creeper":10,"minecraft:sheep":3,"minecraft:zombie":19,"minecraft:cow":2},"minecraft:broken":{"minecraft:wooden_pickaxe":2,"minecraft:stone_pickaxe":2,"minecraft:iron_axe":1,"minecraft:wooden_sword":1,"minecraft:iron_pickaxe":4,"minecraft:wooden_axe":1},"minecraft:used":{"minecraft:tuff_bricks":16,"minecraft:enchanting_table":1,"minecraft:flint_and_steel":1,"minecraft:stone_shovel":108,"minecraft:ladder":1,"minecraft:chest":5,"minecraft:shield":9,"minecraft:cooked_salmon":10,"minecraft:netherrack":16,"minecraft:oak_door":6,"minecraft:torch":44,"minecraft:dirt":101,"minecraft:obsidian":4,"minecraft:wooden_axe":44,"minecraft:lava_bucket":5,"minecraft:iron_axe":205,"minecraft:bow":1,"minecraft:furnace":9,"minecraft:oak_sapling":53,"minecraft:cooked_cod":14,"minecraft:cooked_beef":3,"minecraft:cobbled_deepslate":203,"minecraft:water_bucket":4,"minecraft:cobblestone_stairs":31,"minecraft:birch_planks":5,"minecraft:stone_pickaxe":210,"minecraft:oak_planks":40,"minecraft:wooden_pickaxe":118,"minecraft:sugar_cane":9,"minecraft:crafting_table":1,"minecraft:white_bed":1,"minecraft:flower_pot":3,"minecraft:diamond_pickaxe":885,"minecraft:iron_pickaxe":1047,"minecraft:gravel":1,"minecraft:diamond_sword":33,"minecraft:fishing_rod":34,"minecraft:wooden_sword":57,"minecraft:cobblestone":220,"minecraft:cooked_porkchop":16,"minecraft:bucket":10,"minecraft:oak_boat":4},"minecraft:mined":{"minecraft:large_amethyst_bud":1,"minecraft:crying_obsidian":1,"minecraft:tuff":28,"minecraft:mossy_cobblestone":4,"minecraft:deepslate_diamond_ore":28,"minecraft:oak_door":3,"minecraft:cobblestone_stairs":2,"minecraft:obsidian":7,"minecraft:ladder":1,"minecraft:granite":46,"minecraft:grass_block":36,"minecraft:decorated_pot":8,"minecraft:chiseled_tuff_bricks":3,"minecraft:red_mushroom":1,"minecraft:sandstone":3,"minecraft:tuff_bricks":17,"minecraft:redstone_ore":1,"minecraft:furnace":3,"minecraft:cobbled_deepslate":1,"minecraft:iron_ore":144,"minecraft:polished_tuff":3,"minecraft:andesite":79,"minecraft:pumpkin":8,"minecraft:deepslate_lapis_ore":11,"minecraft:gold_block":1,"minecraft:chiseled_tuff":2,"minecraft:deepslate_iron_ore":20,"minecraft:rail":1,"minecraft:stone":946,"minecraft:deepslate_redstone_ore":14,"minecraft:brown_mushroom":10,"minecraft:kelp_plant":6,"minecraft:crafting_table":2,"minecraft:oak_fence":2,"minecraft:torch":5,"minecraft:short_grass":4,"minecraft:calcite":9,"minecraft:chest":1,"minecraft:cobblestone":41,"minecraft:nether_quartz_ore":52,"minecraft:tall_grass":1,"minecraft:copper_ore":7,"minecraft:lapis_ore":5,"minecraft:deepslate_gold_ore":9,"minecraft:sugar_cane":16,"minecraft:oak_planks":3,"minecraft:diorite":45,"minecraft:wall_torch":14,"minecraft:amethyst_block":7,"minecraft:birch_log":7,"minecraft:birch_leaves":1,"minecraft:coal_ore":62,"minecraft:oak_log":49,"minecraft:flower_pot":3,"minecraft:gravel":95,"minecraft:sand":5,"minecraft:dirt":58,"minecraft:cobweb":2,"minecraft:smooth_basalt":13,"minecraft:netherrack":36,"minecraft:gold_ore":4,"minecraft:oak_leaves":26,"minecraft:deepslate":553},"minecraft:dropped":{"minecraft:stone_hoe":1,"minecraft:cooked_porkchop":8,"minecraft:cobblestone":444,"minecraft:polished_tuff":1,"minecraft:apple":4,"minecraft:amethyst_block":17,"minecraft:granite":23,"minecraft:coal":49,"minecraft:diorite":36,"minecraft:wooden_hoe":1,"minecraft:scrape_pottery_sherd":2,"minecraft:wooden_axe":1,"minecraft:cooked_cod":11,"minecraft:iron_axe":1,"minecraft:sand":1,"minecraft:iron_pickaxe":3,"minecraft:string":7,"minecraft:fishing_rod":1,"minecraft:lily_pad":2,"minecraft:white_wool":6,"minecraft:smooth_basalt":17,"minecraft:gravel":12,"minecraft:stone_axe":1,"minecraft:tuff_bricks":2,"minecraft:sugar_cane":7,"minecraft:chiseled_tuff_bricks":2,"minecraft:cooked_chicken":1,"minecraft:stone_sword":2,"minecraft:cobbled_deepslate":436,"minecraft:raw_copper":32,"minecraft:raw_iron":13,"minecraft:tuff":3,"minecraft:stone_shovel":1,"minecraft:rotten_flesh":9,"minecraft:oak_planks":76,"minecraft:cooked_mutton":8,"minecraft:andesite":13,"minecraft:wooden_shovel":1,"minecraft:oak_sapling":9,"minecraft:spider_eye":2,"minecraft:chiseled_tuff":1,"minecraft:sandstone":2,"minecraft:stone_pickaxe":2,"minecraft:wooden_pickaxe":1,"minecraft:calcite":12,"minecraft:brick":22,"minecraft:netherrack":8},"minecraft:custom":{"minecraft:mob_kills":85,"minecraft:interact_with_crafting_table":51,"minecraft:leave_game":6,"minecraft:time_since_death":402329,"minecraft:climb_one_cm":5177,"minecraft:sprint_one_cm":646165,"minecraft:walk_one_cm":1179108,"minecraft:damage_blocked_by_shield":351,"minecraft:drop":122,"minecraft:play_time":429511,"minecraft:deaths":1,"minecraft:sneak_time":999,"minecraft:walk_under_water_one_cm":33378,"minecraft:boat_one_cm":499928,"minecraft:jump":3295,"minecraft:enchant_item":1,"minecraft:walk_on_water_one_cm":43432,"minecraft:total_world_time":429511,"minecraft:interact_with_furnace":71,"minecraft:pot_flower":2,"minecraft:time_since_rest":403076,"minecraft:damage_taken":2579,"minecraft:damage_dealt":12786,"minecraft:swim_one_cm":75693,"minecraft:fly_one_cm":274881,"minecraft:open_chest":76,"minecraft:crouch_one_cm":1550,"minecraft:fish_caught":27,"minecraft:fall_one_cm":59877},"minecraft:crafted":{"minecraft:oak_door":3,"minecraft:oak_planks":96,"minecraft:stone_shovel":1,"minecraft:fishing_rod":2,"minecraft:cooked_chicken":1,"minecraft:furnace":6,"minecraft:cobblestone_stairs":32,"minecraft:cooked_mutton":8,"minecraft:flint_and_steel":1,"minecraft:diamond_helmet":1,"minecraft:bow":1,"minecraft:diamond_leggings":1,"minecraft:iron_boots":1,"minecraft:iron_axe":3,"minecraft:iron_hoe":1,"minecraft:stone_pickaxe":1,"minecraft:chest":4,"minecraft:diamond_boots":1,"minecraft:cooked_cod":21,"minecraft:diamond_sword":1,"minecraft:cooked_porkchop":15,"minecraft:crafting_table":1,"minecraft:enchanting_table":1,"minecraft:wooden_pickaxe":2,"minecraft:iron_helmet":1,"minecraft:cooked_salmon":12,"minecraft:bucket":4,"minecraft:birch_planks":28,"minecraft:air":0,"minecraft:oak_boat":1,"minecraft:book":1,"minecraft:paper":3,"minecraft:diamond_pickaxe":1,"minecraft:shield":1,"minecraft:stick":16,"minecraft:iron_ingot":168,"minecraft:iron_pickaxe":9,"minecraft:wooden_axe":1,"minecraft:iron_leggings":1,"minecraft:white_bed":1,"minecraft:torch":8,"minecraft:diamond_chestplate":1},"minecraft:picked_up":{"minecraft:wooden_axe":2,"minecraft:crafting_table":2,"minecraft:chicken":1,"minecraft:ladder":1,"minecraft:flower_pot":3,"minecraft:brown_mushroom":11,"minecraft:wooden_pickaxe":1,"minecraft:gold_block":1,"minecraft:brick":49,"minecraft:amethyst_block":17,"minecraft:string":20,"minecraft:raw_copper":44,"minecraft:wooden_sword":2,"minecraft:pufferfish":4,"minecraft:cobbled_deepslate":622,"minecraft:beef":4,"minecraft:oak_boat":3,"minecraft:chiseled_tuff":1,"minecraft:calcite":12,"minecraft:wooden_shovel":1,"minecraft:iron_pickaxe":1,"minecraft:light_gray_wool":1,"minecraft:birch_sapling":1,"minecraft:chest":1,"minecraft:sugar_cane":34,"minecraft:furnace":3,"minecraft:stick":52,"minecraft:raw_iron":221,"minecraft:sandstone":5,"minecraft:oak_door":3,"minecraft:torch":149,"minecraft:porkchop":16,"minecraft:flow_pottery_sherd":1,"minecraft:diorite":44,"minecraft:redstone":61,"minecraft:golden_chestplate":1,"minecraft:cooked_cod":4,"minecraft:stone_shovel":1,"minecraft:stone_sword":3,"minecraft:arrow":25,"minecraft:rotten_flesh":21,"minecraft:tropical_fish":1,"minecraft:tuff_bricks":18,"minecraft:obsidian":8,"minecraft:mutton":8,"minecraft:cod":34,"minecraft:rail":2,"minecraft:white_wool":9,"minecraft:cobblestone":1316,"minecraft:birch_log":7,"minecraft:feather":2,"minecraft:cooked_beef":3,"minecraft:andesite":45,"minecraft:salmon":12,"minecraft:leather":3,"minecraft:red_mushroom":1,"minecraft:birch_planks":15,"minecraft:flint":12,"minecraft:tuff":4,"minecraft:oak_log":62,"minecraft:lily_pad":2,"minecraft:gunpowder":11,"minecraft:cobblestone_stairs":2,"minecraft:wooden_hoe":2,"minecraft:lapis_lazuli":97,"minecraft:dirt":141,"minecraft:leather_boots":1,"minecraft:bone":14,"minecraft:apple":4,"minecraft:kelp":32,"minecraft:wheat_seeds":3,"minecraft:raw_gold":13,"minecraft:stone_pickaxe":5,"minecraft:iron_ingot":26,"minecraft:scrape_pottery_sherd":2,"minecraft:oak_planks":141,"minecraft:stone_hoe":1,"minecraft:smooth_basalt":17,"minecraft:cooked_porkchop":9,"minecraft:pumpkin":8,"minecraft:quartz":52,"minecraft:gravel":52,"minecraft:sand":4,"minecraft:spider_eye":2,"minecraft:crying_obsidian":1,"minecraft:polished_tuff":1,"minecraft:diamond":42,"minecraft:stone_axe":1,"minecraft:granite":38,"minecraft:emerald":9,"minecraft:oak_sapling":63,"minecraft:chiseled_tuff_bricks":2,"minecraft:netherrack":34,"minecraft:coal":152}},"DataVersion":3953}