{"stats":{"minecraft:killed":{"minecraft:cave_spider":3,"minecraft:spider":9,"minecraft:cod":8,"minecraft:skeleton":9,"minecraft:chicken":1,"minecraft:piglin_brute":1,"minecraft:pig":4,"minecraft:creeper":10,"minecraft:sheep":3,"minecraft:zombie":18,"minecraft:cow":2},"minecraft:broken":{"minecraft:wooden_pickaxe":2,"minecraft:stone_pickaxe":2,"minecraft:iron_axe":1,"minecraft:wooden_sword":1,"minecraft:iron_pickaxe":3,"minecraft:wooden_axe":1},"minecraft:used":{"minecraft:flint_and_steel":1,"minecraft:stone_shovel":99,"minecraft:ladder":1,"minecraft:chest":3,"minecraft:shield":9,"minecraft:cooked_salmon":6,"minecraft:netherrack":16,"minecraft:oak_door":6,"minecraft:torch":42,"minecraft:dirt":98,"minecraft:obsidian":4,"minecraft:wooden_axe":44,"minecraft:lava_bucket":1,"minecraft:iron_axe":205,"minecraft:furnace":9,"minecraft:oak_sapling":53,"minecraft:cooked_cod":14,"minecraft:cooked_beef":3,"minecraft:cobbled_deepslate":203,"minecraft:cobblestone_stairs":31,"minecraft:birch_planks":5,"minecraft:stone_pickaxe":210,"minecraft:oak_planks":37,"minecraft:wooden_pickaxe":118,"minecraft:sugar_cane":9,"minecraft:crafting_table":1,"minecraft:white_bed":1,"minecraft:diamond_pickaxe":881,"minecraft:iron_pickaxe":992,"minecraft:gravel":1,"minecraft:fishing_rod":34,"minecraft:wooden_sword":57,"minecraft:cobblestone":210,"minecraft:cooked_porkchop":16,"minecraft:bucket":5,"minecraft:oak_boat":4},"minecraft:mined":{"minecraft:large_amethyst_bud":1,"minecraft:crying_obsidian":1,"minecraft:tuff":28,"minecraft:mossy_cobblestone":4,"minecraft:deepslate_diamond_ore":28,"minecraft:oak_door":3,"minecraft:cobblestone_stairs":2,"minecraft:obsidian":3,"minecraft:ladder":1,"minecraft:granite":42,"minecraft:grass_block":21,"minecraft:decorated_pot":7,"minecraft:red_mushroom":1,"minecraft:sandstone":3,"minecraft:tuff_bricks":3,"minecraft:redstone_ore":1,"minecraft:furnace":3,"minecraft:iron_ore":140,"minecraft:polished_tuff":3,"minecraft:andesite":79,"minecraft:pumpkin":8,"minecraft:deepslate_lapis_ore":11,"minecraft:gold_block":1,"minecraft:deepslate_iron_ore":20,"minecraft:rail":1,"minecraft:stone":925,"minecraft:deepslate_redstone_ore":14,"minecraft:brown_mushroom":10,"minecraft:kelp_plant":6,"minecraft:crafting_table":2,"minecraft:oak_fence":2,"minecraft:torch":5,"minecraft:short_grass":3,"minecraft:calcite":9,"minecraft:chest":1,"minecraft:cobblestone":41,"minecraft:nether_quartz_ore":52,"minecraft:tall_grass":1,"minecraft:copper_ore":7,"minecraft:lapis_ore":5,"minecraft:deepslate_gold_ore":9,"minecraft:sugar_cane":7,"minecraft:oak_planks":3,"minecraft:diorite":39,"minecraft:wall_torch":13,"minecraft:amethyst_block":7,"minecraft:birch_log":7,"minecraft:birch_leaves":1,"minecraft:coal_ore":62,"minecraft:oak_log":49,"minecraft:flower_pot":2,"minecraft:gravel":95,"minecraft:sand":4,"minecraft:dirt":58,"minecraft:cobweb":2,"minecraft:smooth_basalt":13,"minecraft:netherrack":36,"minecraft:gold_ore":4,"minecraft:oak_leaves":26,"minecraft:deepslate":553},"minecraft:dropped":{"minecraft:stone_hoe":1,"minecraft:cooked_porkchop":8,"minecraft:cobblestone":428,"minecraft:polished_tuff":1,"minecraft:apple":4,"minecraft:amethyst_block":17,"minecraft:granite":23,"minecraft:coal":49,"minecraft:diorite":30,"minecraft:wooden_hoe":1,"minecraft:wooden_axe":1,"minecraft:cooked_cod":11,"minecraft:iron_axe":1,"minecraft:sand":1,"minecraft:iron_pickaxe":3,"minecraft:string":7,"minecraft:fishing_rod":1,"minecraft:white_wool":6,"minecraft:smooth_basalt":16,"minecraft:gravel":12,"minecraft:stone_axe":1,"minecraft:sugar_cane":7,"minecraft:cooked_chicken":1,"minecraft:stone_sword":2,"minecraft:cobbled_deepslate":429,"minecraft:raw_copper":32,"minecraft:raw_iron":13,"minecraft:tuff":3,"minecraft:stone_shovel":1,"minecraft:oak_planks":76,"minecraft:cooked_mutton":8,"minecraft:andesite":13,"minecraft:wooden_shovel":1,"minecraft:oak_sapling":9,"minecraft:sandstone":2,"minecraft:stone_pickaxe":2,"minecraft:wooden_pickaxe":1,"minecraft:calcite":12,"minecraft:netherrack":8},"minecraft:custom":{"minecraft:mob_kills":69,"minecraft:interact_with_crafting_table":46,"minecraft:leave_game":6,"minecraft:time_since_death":378329,"minecraft:climb_one_cm":3615,"minecraft:sprint_one_cm":616097,"minecraft:walk_one_cm":1109607,"minecraft:damage_blocked_by_shield":351,"minecraft:drop":89,"minecraft:play_time":405511,"minecraft:deaths":1,"minecraft:sneak_time":932,"minecraft:walk_under_water_one_cm":22697,"minecraft:boat_one_cm":499928,"minecraft:jump":3096,"minecraft:walk_on_water_one_cm":37004,"minecraft:total_world_time":405511,"minecraft:interact_with_furnace":57,"minecraft:time_since_rest":379076,"minecraft:damage_taken":2467,"minecraft:damage_dealt":11186,"minecraft:swim_one_cm":49161,"minecraft:fly_one_cm":250293,"minecraft:open_chest":63,"minecraft:crouch_one_cm":1417,"minecraft:fish_caught":27,"minecraft:fall_one_cm":55028},"minecraft:crafted":{"minecraft:oak_door":3,"minecraft:oak_planks":96,"minecraft:stone_shovel":1,"minecraft:fishing_rod":1,"minecraft:cooked_chicken":1,"minecraft:furnace":6,"minecraft:cobblestone_stairs":32,"minecraft:cooked_mutton":8,"minecraft:flint_and_steel":1,"minecraft:diamond_helmet":1,"minecraft:bow":1,"minecraft:diamond_leggings":1,"minecraft:iron_boots":1,"minecraft:iron_axe":3,"minecraft:stone_pickaxe":1,"minecraft:chest":2,"minecraft:diamond_boots":1,"minecraft:cooked_cod":21,"minecraft:diamond_sword":1,"minecraft:cooked_porkchop":15,"minecraft:crafting_table":1,"minecraft:wooden_pickaxe":2,"minecraft:iron_helmet":1,"minecraft:cooked_salmon":6,"minecraft:bucket":4,"minecraft:birch_planks":28,"minecraft:air":0,"minecraft:oak_boat":1,"minecraft:diamond_pickaxe":1,"minecraft:shield":1,"minecraft:stick":16,"minecraft:iron_ingot":127,"minecraft:iron_pickaxe":9,"minecraft:wooden_axe":1,"minecraft:iron_leggings":1,"minecraft:white_bed":1,"minecraft:torch":8,"minecraft:diamond_chestplate":1},"minecraft:picked_up":{"minecraft:wooden_axe":2,"minecraft:crafting_table":2,"minecraft:chicken":1,"minecraft:ladder":1,"minecraft:flower_pot":2,"minecraft:brown_mushroom":11,"minecraft:wooden_pickaxe":1,"minecraft:gold_block":1,"minecraft:brick":45,"minecraft:amethyst_block":17,"minecraft:string":19,"minecraft:raw_copper":44,"minecraft:wooden_sword":2,"minecraft:pufferfish":3,"minecraft:cobbled_deepslate":621,"minecraft:beef":3,"minecraft:oak_boat":3,"minecraft:calcite":12,"minecraft:wooden_shovel":1,"minecraft:iron_pickaxe":1,"minecraft:light_gray_wool":1,"minecraft:birch_sapling":1,"minecraft:chest":1,"minecraft:sugar_cane":16,"minecraft:furnace":3,"minecraft:stick":52,"minecraft:raw_iron":217,"minecraft:sandstone":5,"minecraft:oak_door":3,"minecraft:torch":148,"minecraft:porkchop":15,"minecraft:flow_pottery_sherd":1,"minecraft:diorite":38,"minecraft:redstone":61,"minecraft:golden_chestplate":1,"minecraft:cooked_cod":4,"minecraft:stone_shovel":1,"minecraft:stone_sword":3,"minecraft:arrow":25,"minecraft:rotten_flesh":15,"minecraft:tropical_fish":1,"minecraft:tuff_bricks":4,"minecraft:obsidian":4,"minecraft:mutton":8,"minecraft:cod":23,"minecraft:rail":2,"minecraft:white_wool":9,"minecraft:cobblestone":1295,"minecraft:birch_log":7,"minecraft:feather":2,"minecraft:cooked_beef":3,"minecraft:andesite":45,"minecraft:salmon":8,"minecraft:leather":3,"minecraft:red_mushroom":1,"minecraft:birch_planks":15,"minecraft:flint":12,"minecraft:tuff":4,"minecraft:oak_log":62,"minecraft:lily_pad":2,"minecraft:gunpowder":11,"minecraft:cobblestone_stairs":2,"minecraft:wooden_hoe":2,"minecraft:lapis_lazuli":97,"minecraft:dirt":125,"minecraft:leather_boots":1,"minecraft:bone":14,"minecraft:apple":4,"minecraft:kelp":32,"minecraft:wheat_seeds":3,"minecraft:raw_gold":13,"minecraft:stone_pickaxe":5,"minecraft:iron_ingot":26,"minecraft:scrape_pottery_sherd":2,"minecraft:oak_planks":141,"minecraft:stone_hoe":1,"minecraft:smooth_basalt":17,"minecraft:cooked_porkchop":9,"minecraft:pumpkin":8,"minecraft:quartz":52,"minecraft:gravel":52,"minecraft:sand":4,"minecraft:spider_eye":2,"minecraft:crying_obsidian":1,"minecraft:polished_tuff":1,"minecraft:diamond":42,"minecraft:stone_axe":1,"minecraft:granite":34,"minecraft:emerald":7,"minecraft:oak_sapling":63,"minecraft:netherrack":34,"minecraft:coal":152}},"DataVersion":3953}