{"stats":{"minecraft:custom":{"minecraft:interact_with_crafting_table":62,"minecraft:leave_game":9,"minecraft:time_since_death":568328,"minecraft:sprint_one_cm":907359,"minecraft:damage_blocked_by_shield":3001,"minecraft:drop":170,"minecraft:talked_to_villager":2,"minecraft:play_time":595510,"minecraft:deaths":1,"minecraft:jump":4510,"minecraft:walk_on_water_one_cm":70369,"minecraft:enchant_item":6,"minecraft:interact_with_furnace":87,"minecraft:sleep_in_bed":2,"minecraft:damage_dealt":27594,"minecraft:crouch_one_cm":1588,"minecraft:mob_kills":211,"minecraft:climb_one_cm":5177,"minecraft:walk_one_cm":1623116,"minecraft:walk_under_water_one_cm":45025,"minecraft:sneak_time":1109,"minecraft:boat_one_cm":570523,"minecraft:total_world_time":595510,"minecraft:pot_flower":2,"minecraft:time_since_rest":134678,"minecraft:damage_taken":3455,"minecraft:fly_one_cm":415650,"minecraft:swim_one_cm":137852,"minecraft:open_chest":111,"minecraft:fish_caught":27,"minecraft:fall_one_cm":85406},"minecraft:used":{"minecraft:tuff_bricks":16,"minecraft:iron_shovel":236,"minecraft:ladder":1,"minecraft:chest":5,"minecraft:shield":62,"minecraft:obsidian":6,"minecraft:lava_bucket":5,"minecraft:bow":18,"minecraft:oak_sapling":53,"minecraft:furnace":9,"minecraft:cooked_cod":14,"minecraft:stone_pickaxe":210,"minecraft:oak_planks":40,"minecraft:wooden_pickaxe":118,"minecraft:sugar_cane":9,"minecraft:sand":83,"minecraft:gravel":1,"minecraft:diamond_sword":322,"minecraft:wooden_sword":57,"minecraft:oak_boat":6,"minecraft:bone_meal":26,"minecraft:enchanting_table":1,"minecraft:flint_and_steel":3,"minecraft:stone_shovel":152,"minecraft:wooden_shovel":59,"minecraft:cooked_salmon":12,"minecraft:netherrack":16,"minecraft:oak_door":6,"minecraft:torch":67,"minecraft:dirt":154,"minecraft:iron_hoe":25,"minecraft:wooden_axe":44,"minecraft:iron_axe":245,"minecraft:cooked_beef":3,"minecraft:cobbled_deepslate":203,"minecraft:wheat_seeds":36,"minecraft:cooked_mutton":11,"minecraft:water_bucket":12,"minecraft:cobblestone_stairs":36,"minecraft:birch_planks":5,"minecraft:tnt":3,"minecraft:crafting_table":4,"minecraft:white_bed":1,"minecraft:flower_pot":3,"minecraft:diamond_pickaxe":1064,"minecraft:iron_pickaxe":1060,"minecraft:fishing_rod":34,"minecraft:cobblestone":228,"minecraft:cooked_porkchop":20,"minecraft:bucket":17,"minecraft:smooth_stone":1},"minecraft:dropped":{"minecraft:cooked_beef":4,"minecraft:cooked_porkchop":9,"minecraft:dirt":5,"minecraft:scrape_pottery_sherd":2,"minecraft:cooked_cod":11,"minecraft:sand":20,"minecraft:iron_pickaxe":3,"minecraft:fishing_rod":2,"minecraft:white_wool":6,"minecraft:gravel":20,"minecraft:stone_axe":1,"minecraft:sugar_cane":7,"minecraft:cooked_chicken":1,"minecraft:golden_chestplate":1,"minecraft:chiseled_tuff_bricks":2,"minecraft:cobbled_deepslate":437,"minecraft:wheat":12,"minecraft:rotten_flesh":23,"minecraft:oak_planks":76,"minecraft:cooked_mutton":22,"minecraft:carrot":13,"minecraft:chiseled_stone_bricks":1,"minecraft:chiseled_tuff":1,"minecraft:polished_granite":3,"minecraft:netherrack":8,"minecraft:stone_hoe":1,"minecraft:cobblestone":444,"minecraft:polished_tuff":1,"minecraft:amethyst_block":17,"minecraft:apple":4,"minecraft:granite":27,"minecraft:coal":49,"minecraft:stick":15,"minecraft:diorite":36,"minecraft:wooden_hoe":1,"minecraft:wooden_axe":1,"minecraft:iron_axe":1,"minecraft:string":7,"minecraft:lily_pad":2,"minecraft:smooth_basalt":17,"minecraft:tuff_bricks":2,"minecraft:flow_pottery_sherd":1,"minecraft:stone_sword":2,"minecraft:raw_copper":32,"minecraft:tuff":3,"minecraft:raw_iron":13,"minecraft:stone_shovel":1,"minecraft:filled_map":1,"minecraft:andesite":13,"minecraft:oak_sapling":9,"minecraft:wooden_shovel":1,"minecraft:spider_eye":5,"minecraft:sandstone":2,"minecraft:stone_pickaxe":2,"minecraft:wooden_pickaxe":1,"minecraft:calcite":12,"minecraft:brick":22},"minecraft:mined":{"minecraft:large_amethyst_bud":1,"minecraft:spruce_planks":1,"minecraft:farmland":1,"minecraft:cobblestone_stairs":6,"minecraft:obsidian":7,"minecraft:granite":51,"minecraft:grass_block":42,"minecraft:chiseled_tuff_bricks":3,"minecraft:tuff_bricks":17,"minecraft:chiseled_stone_bricks":2,"minecraft:smooth_stone":1,"minecraft:iron_ore":144,"minecraft:cobbled_deepslate":1,"minecraft:polished_tuff":3,"minecraft:pumpkin":28,"minecraft:deepslate_lapis_ore":11,"minecraft:spruce_slab":1,"minecraft:deepslate_redstone_ore":14,"minecraft:brown_mushroom":10,"minecraft:kelp_plant":6,"minecraft:torch":23,"minecraft:calcite":9,"minecraft:chest":1,"minecraft:nether_quartz_ore":52,"minecraft:cobblestone":41,"minecraft:sugar_cane":21,"minecraft:oak_planks":3,"minecraft:wall_torch":17,"minecraft:amethyst_block":7,"minecraft:birch_log":7,"minecraft:wheat":24,"minecraft:oak_log":49,"minecraft:sand":381,"minecraft:dirt":66,"minecraft:smooth_basalt":13,"minecraft:netherrack":36,"minecraft:oak_leaves":26,"minecraft:deepslate":553,"minecraft:suspicious_gravel":5,"minecraft:crying_obsidian":1,"minecraft:tuff":28,"minecraft:mossy_cobblestone":4,"minecraft:deepslate_diamond_ore":28,"minecraft:oak_door":3,"minecraft:ladder":1,"minecraft:decorated_pot":8,"minecraft:red_mushroom":1,"minecraft:sandstone":74,"minecraft:redstone_ore":1,"minecraft:furnace":3,"minecraft:andesite":79,"minecraft:gold_block":1,"minecraft:chiseled_tuff":2,"minecraft:deepslate_iron_ore":20,"minecraft:rail":1,"minecraft:stone":996,"minecraft:polished_granite":2,"minecraft:oak_fence":2,"minecraft:crafting_table":4,"minecraft:short_grass":74,"minecraft:tall_grass":14,"minecraft:copper_ore":7,"minecraft:lapis_ore":5,"minecraft:deepslate_gold_ore":9,"minecraft:diorite":51,"minecraft:birch_leaves":1,"minecraft:coal_ore":100,"minecraft:flower_pot":3,"minecraft:sunflower":6,"minecraft:gravel":101,"minecraft:cobweb":2,"minecraft:stone_bricks":2,"minecraft:mossy_stone_bricks":3,"minecraft:gold_ore":4},"minecraft:killed":{"minecraft:cave_spider":5,"minecraft:spider":24,"minecraft:cod":14,"minecraft:skeleton":22,"minecraft:chicken":16,"minecraft:piglin_brute":1,"minecraft:pig":18,"minecraft:salmon":2,"minecraft:creeper":14,"minecraft:sheep":32,"minecraft:zombie":31,"minecraft:cow":16,"minecraft:phantom":1,"minecraft:drowned":9,"minecraft:husk":4,"minecraft:enderman":1},"minecraft:broken":{"minecraft:wooden_shovel":1,"minecraft:stone_pickaxe":2,"minecraft:wooden_sword":1,"minecraft:wooden_axe":1,"minecraft:stone_shovel":1,"minecraft:wooden_pickaxe":2,"minecraft:iron_axe":1,"minecraft:iron_pickaxe":4},"minecraft:picked_up":{"minecraft:wooden_axe":2,"minecraft:wheat":24,"minecraft:flower_pot":3,"minecraft:amethyst_block":17,"minecraft:string":38,"minecraft:raw_copper":44,"minecraft:pufferfish":4,"minecraft:cobbled_deepslate":622,"minecraft:smooth_stone":1,"minecraft:calcite":12,"minecraft:wooden_shovel":1,"minecraft:iron_pickaxe":1,"minecraft:furnace":3,"minecraft:stick":52,"minecraft:torch":172,"minecraft:porkchop":44,"minecraft:diorite":44,"minecraft:golden_chestplate":1,"minecraft:stone_sword":3,"minecraft:rotten_flesh":36,"minecraft:tropical_fish":1,"minecraft:obsidian":8,"minecraft:cod":34,"minecraft:cobblestone":1324,"minecraft:birch_log":7,"minecraft:feather":14,"minecraft:cooked_beef":3,"minecraft:andesite":45,"minecraft:brown_wool":2,"minecraft:flint":13,"minecraft:tuff":4,"minecraft:dirt":212,"minecraft:lapis_lazuli":97,"minecraft:polished_granite":3,"minecraft:leather_boots":1,"minecraft:bone":25,"minecraft:wheat_seeds":83,"minecraft:raw_gold":13,"minecraft:scrape_pottery_sherd":2,"minecraft:oak_planks":141,"minecraft:stone_hoe":1,"minecraft:cooked_porkchop":9,"minecraft:sand":310,"minecraft:diamond":42,"minecraft:granite":38,"minecraft:emerald":9,"minecraft:oak_sapling":63,"minecraft:netherrack":34,"minecraft:fishing_rod":1,"minecraft:crafting_table":4,"minecraft:chicken":17,"minecraft:ladder":1,"minecraft:brown_mushroom":11,"minecraft:wooden_pickaxe":1,"minecraft:gold_block":1,"minecraft:brick":49,"minecraft:wooden_sword":2,"minecraft:beef":44,"minecraft:oak_boat":3,"minecraft:chiseled_tuff":1,"minecraft:light_gray_wool":2,"minecraft:chest":1,"minecraft:sugar_cane":42,"minecraft:birch_sapling":1,"minecraft:phantom_membrane":1,"minecraft:raw_iron":221,"minecraft:sandstone":7,"minecraft:oak_door":3,"minecraft:flow_pottery_sherd":1,"minecraft:redstone":61,"minecraft:arrow":39,"minecraft:stone_shovel":1,"minecraft:cooked_cod":4,"minecraft:tuff_bricks":18,"minecraft:mutton":75,"minecraft:white_wool":33,"minecraft:rail":2,"minecraft:salmon":13,"minecraft:leather":27,"minecraft:red_mushroom":1,"minecraft:birch_planks":15,"minecraft:oak_log":62,"minecraft:lily_pad":2,"minecraft:cobblestone_stairs":6,"minecraft:gunpowder":12,"minecraft:wooden_hoe":2,"minecraft:paper":6,"minecraft:apple":4,"minecraft:kelp":32,"minecraft:iron_ingot":26,"minecraft:stone_pickaxe":5,"minecraft:smooth_basalt":17,"minecraft:pumpkin":27,"minecraft:chiseled_stone_bricks":1,"minecraft:quartz":52,"minecraft:gravel":60,"minecraft:crying_obsidian":1,"minecraft:spider_eye":5,"minecraft:polished_tuff":1,"minecraft:stone_axe":1,"minecraft:chiseled_tuff_bricks":2,"minecraft:black_wool":2,"minecraft:coal":190,"minecraft:sunflower":5},"minecraft:crafted":{"minecraft:oak_planks":120,"minecraft:cooked_chicken":1,"minecraft:cobblestone_stairs":32,"minecraft:cooked_mutton":38,"minecraft:diamond_helmet":1,"minecraft:diamond_leggings":1,"minecraft:bow":1,"minecraft:iron_boots":1,"minecraft:chest":4,"minecraft:wooden_shovel":1,"minecraft:cooked_porkchop":20,"minecraft:crafting_table":2,"minecraft:wooden_pickaxe":2,"minecraft:iron_helmet":1,"minecraft:birch_planks":28,"minecraft:book":6,"minecraft:paper":18,"minecraft:diamond_pickaxe":1,"minecraft:shield":1,"minecraft:stick":16,"minecraft:iron_ingot":169,"minecraft:iron_pickaxe":9,"minecraft:oak_door":3,"minecraft:stone_shovel":1,"minecraft:fishing_rod":2,"minecraft:furnace":6,"minecraft:bone_meal":39,"minecraft:flint_and_steel":1,"minecraft:iron_axe":3,"minecraft:iron_hoe":1,"minecraft:stone_pickaxe":1,"minecraft:diamond_boots":1,"minecraft:cooked_beef":4,"minecraft:cooked_cod":21,"minecraft:diamond_sword":1,"minecraft:enchanting_table":1,"minecraft:cooked_salmon":12,"minecraft:bucket":4,"minecraft:air":0,"minecraft:oak_boat":3,"minecraft:wooden_axe":1,"minecraft:iron_shovel":1,"minecraft:iron_leggings":1,"minecraft:white_bed":1,"minecraft:torch":8,"minecraft:diamond_chestplate":1}},"DataVersion":3953}