{"stats":{"minecraft:killed":{"minecraft:cave_spider":22,"minecraft:zombified_piglin":4,"minecraft:spider":24,"minecraft:cod":14,"minecraft:skeleton":24,"minecraft:chicken":16,"minecraft:piglin_brute":2,"minecraft:piglin":10,"minecraft:pig":18,"minecraft:zombie_villager":1,"minecraft:salmon":2,"minecraft:creeper":17,"minecraft:sheep":32,"minecraft:zombie":37,"minecraft:ghast":2,"minecraft:cow":17,"minecraft:bogged":73,"minecraft:phantom":3,"minecraft:drowned":10,"minecraft:husk":5,"minecraft:breeze":2,"minecraft:enderman":1},"minecraft:custom":{"minecraft:interact_with_crafting_table":74,"minecraft:open_barrel":6,"minecraft:leave_game":10,"minecraft:time_since_death":16595,"minecraft:sprint_one_cm":1248463,"minecraft:damage_blocked_by_shield":6140,"minecraft:drop":205,"minecraft:talked_to_villager":2,"minecraft:play_time":763274,"minecraft:deaths":2,"minecraft:jump":5715,"minecraft:walk_on_water_one_cm":85050,"minecraft:enchant_item":20,"minecraft:interact_with_furnace":101,"minecraft:sleep_in_bed":3,"minecraft:damage_dealt":44023,"minecraft:crouch_one_cm":2375,"minecraft:inspect_dispenser":11,"minecraft:mob_kills":346,"minecraft:interact_with_anvil":6,"minecraft:climb_one_cm":18128,"minecraft:walk_one_cm":2242470,"minecraft:sneak_time":1502,"minecraft:walk_under_water_one_cm":54847,"minecraft:boat_one_cm":581634,"minecraft:total_world_time":763274,"minecraft:pot_flower":2,"minecraft:time_since_rest":16685,"minecraft:damage_taken":7768,"minecraft:swim_one_cm":142505,"minecraft:fly_one_cm":529864,"minecraft:open_chest":263,"minecraft:fish_caught":27,"minecraft:fall_one_cm":115359},"minecraft:dropped":{"minecraft:lapis_lazuli":64,"minecraft:cooked_beef":4,"minecraft:cooked_porkchop":9,"minecraft:crossbow":1,"minecraft:dirt":7,"minecraft:scrape_pottery_sherd":3,"minecraft:cooked_cod":11,"minecraft:sand":20,"minecraft:iron_pickaxe":3,"minecraft:fishing_rod":2,"minecraft:white_wool":6,"minecraft:bone":5,"minecraft:gravel":20,"minecraft:stone_axe":1,"minecraft:sugar_cane":7,"minecraft:cooked_chicken":4,"minecraft:golden_chestplate":1,"minecraft:chiseled_tuff_bricks":2,"minecraft:cobbled_deepslate":437,"minecraft:wheat":12,"minecraft:rotten_flesh":23,"minecraft:oak_planks":76,"minecraft:cooked_mutton":22,"minecraft:waxed_copper_block":16,"minecraft:carrot":13,"minecraft:chiseled_stone_bricks":1,"minecraft:tipped_arrow":46,"minecraft:chiseled_tuff":1,"minecraft:polished_granite":3,"minecraft:netherrack":8,"minecraft:stone_hoe":1,"minecraft:cobblestone":449,"minecraft:polished_tuff":4,"minecraft:apple":4,"minecraft:amethyst_block":17,"minecraft:granite":27,"minecraft:coal":49,"minecraft:stick":15,"minecraft:diorite":36,"minecraft:wooden_hoe":1,"minecraft:torch":11,"minecraft:wooden_axe":1,"minecraft:potion":1,"minecraft:dead_bush":1,"minecraft:iron_axe":1,"minecraft:string":9,"minecraft:lily_pad":2,"minecraft:bucket":1,"minecraft:smooth_basalt":17,"minecraft:tuff_bricks":5,"minecraft:flow_pottery_sherd":1,"minecraft:stone_sword":2,"minecraft:raw_copper":32,"minecraft:tuff":3,"minecraft:raw_iron":13,"minecraft:stone_shovel":1,"minecraft:filled_map":1,"minecraft:shield":1,"minecraft:trial_key":2,"minecraft:iron_chestplate":2,"minecraft:andesite":13,"minecraft:oak_sapling":9,"minecraft:wooden_shovel":1,"minecraft:spider_eye":5,"minecraft:sandstone":2,"minecraft:bow":1,"minecraft:stone_pickaxe":2,"minecraft:wooden_pickaxe":1,"minecraft:calcite":12,"minecraft:waxed_oxidized_copper_grate":3,"minecraft:brick":80},"minecraft:killed_by":{"minecraft:piglin_brute":1},"minecraft:crafted":{"minecraft:oak_planks":120,"minecraft:cooked_chicken":17,"minecraft:cobblestone_stairs":32,"minecraft:cooked_mutton":38,"minecraft:quartz_block":11,"minecraft:diamond_helmet":1,"minecraft:diamond_leggings":1,"minecraft:bow":1,"minecraft:iron_boots":1,"minecraft:chest":8,"minecraft:wooden_shovel":1,"minecraft:emerald":9,"minecraft:cooked_porkchop":20,"minecraft:crafting_table":2,"minecraft:wooden_pickaxe":2,"minecraft:iron_helmet":1,"minecraft:birch_planks":28,"minecraft:book":20,"minecraft:paper":54,"minecraft:diamond_pickaxe":1,"minecraft:shield":3,"minecraft:stick":32,"minecraft:iron_ingot":169,"minecraft:iron_pickaxe":11,"minecraft:iron_block":3,"minecraft:oak_door":3,"minecraft:stone_shovel":1,"minecraft:fishing_rod":2,"minecraft:furnace":6,"minecraft:bone_meal":39,"minecraft:flint_and_steel":1,"minecraft:iron_axe":4,"minecraft:iron_hoe":1,"minecraft:stone_pickaxe":1,"minecraft:diamond_boots":1,"minecraft:cooked_beef":4,"minecraft:cooked_cod":21,"minecraft:diamond_sword":1,"minecraft:enchanting_table":1,"minecraft:cooked_salmon":13,"minecraft:bucket":4,"minecraft:air":0,"minecraft:oak_boat":3,"minecraft:wooden_axe":1,"minecraft:iron_shovel":1,"minecraft:iron_leggings":1,"minecraft:anvil":1,"minecraft:white_bed":1,"minecraft:torch":8,"minecraft:diamond_chestplate":1},"minecraft:mined":{"minecraft:large_amethyst_bud":1,"minecraft:spruce_planks":1,"minecraft:farmland":1,"minecraft:cobblestone_stairs":6,"minecraft:obsidian":7,"minecraft:granite":58,"minecraft:potted_dead_bush":1,"minecraft:grass_block":42,"minecraft:chiseled_tuff_bricks":12,"minecraft:tuff_bricks":127,"minecraft:gilded_blackstone":1,"minecraft:chiseled_stone_bricks":2,"minecraft:smooth_stone":1,"minecraft:polished_blackstone_bricks":6,"minecraft:fire":17,"minecraft:iron_ore":144,"minecraft:cobbled_deepslate":1,"minecraft:polished_tuff":5,"minecraft:pumpkin":28,"minecraft:deepslate_lapis_ore":11,"minecraft:spruce_slab":1,"minecraft:tripwire":1,"minecraft:deepslate_redstone_ore":14,"minecraft:brown_mushroom":24,"minecraft:crimson_nylium":1,"minecraft:kelp_plant":6,"minecraft:torch":28,"minecraft:calcite":9,"minecraft:chest":1,"minecraft:nether_quartz_ore":109,"minecraft:cobblestone":74,"minecraft:sugar_cane":39,"minecraft:oak_planks":5,"minecraft:wall_torch":18,"minecraft:amethyst_block":7,"minecraft:wheat":36,"minecraft:birch_log":7,"minecraft:waxed_oxidized_cut_copper_stairs":1,"minecraft:waxed_copper_block":15,"minecraft:oak_log":187,"minecraft:waxed_oxidized_copper":2,"minecraft:sand":381,"minecraft:dirt":76,"minecraft:smooth_basalt":13,"minecraft:netherrack":96,"minecraft:oak_leaves":34,"minecraft:deepslate":560,"minecraft:suspicious_gravel":5,"minecraft:crying_obsidian":1,"minecraft:tuff":28,"minecraft:mossy_cobblestone":4,"minecraft:deepslate_diamond_ore":28,"minecraft:oak_door":3,"minecraft:ladder":1,"minecraft:decorated_pot":25,"minecraft:red_mushroom":3,"minecraft:sandstone":74,"minecraft:redstone_ore":1,"minecraft:waxed_oxidized_cut_copper":6,"minecraft:furnace":3,"minecraft:waxed_copper_grate":1,"minecraft:andesite":94,"minecraft:gold_block":1,"minecraft:chiseled_tuff":2,"minecraft:rail":1,"minecraft:deepslate_iron_ore":20,"minecraft:waxed_weathered_copper_bulb":1,"minecraft:stone":1072,"minecraft:polished_granite":2,"minecraft:oak_fence":2,"minecraft:crafting_table":4,"minecraft:short_grass":75,"minecraft:copper_ore":10,"minecraft:tall_grass":15,"minecraft:deepslate_gold_ore":9,"minecraft:lapis_ore":5,"minecraft:diorite":64,"minecraft:waxed_oxidized_copper_grate":1,"minecraft:birch_leaves":1,"minecraft:coal_ore":100,"minecraft:flower_pot":3,"minecraft:sunflower":6,"minecraft:gravel":102,"minecraft:cobweb":5,"minecraft:stone_bricks":2,"minecraft:gold_ore":4,"minecraft:mossy_stone_bricks":3},"minecraft:used":{"minecraft:tuff_bricks":72,"minecraft:iron_shovel":236,"minecraft:ladder":1,"minecraft:chest":9,"minecraft:shield":151,"minecraft:obsidian":6,"minecraft:lava_bucket":5,"minecraft:bow":95,"minecraft:oak_sapling":63,"minecraft:furnace":9,"minecraft:cooked_cod":23,"minecraft:stone_pickaxe":210,"minecraft:oak_planks":49,"minecraft:wooden_pickaxe":118,"minecraft:diamond_axe":19,"minecraft:sugar_cane":9,"minecraft:sand":83,"minecraft:crossbow":1,"minecraft:bread":1,"minecraft:string":1,"minecraft:gravel":1,"minecraft:diamond_sword":638,"minecraft:wooden_sword":57,"minecraft:oak_boat":6,"minecraft:bone_meal":26,"minecraft:enchanting_table":1,"minecraft:flint_and_steel":3,"minecraft:stone_shovel":152,"minecraft:wooden_shovel":59,"minecraft:cooked_salmon":15,"minecraft:trial_key":9,"minecraft:cooked_chicken":16,"minecraft:netherrack":38,"minecraft:oak_door":6,"minecraft:torch":77,"minecraft:dirt":164,"minecraft:anvil":1,"minecraft:iron_hoe":25,"minecraft:wooden_axe":44,"minecraft:iron_axe":395,"minecraft:cooked_beef":25,"minecraft:cobbled_deepslate":203,"minecraft:wheat_seeds":48,"minecraft:cooked_mutton":16,"minecraft:water_bucket":12,"minecraft:cobblestone_stairs":36,"minecraft:birch_planks":5,"minecraft:polished_blackstone_bricks":1,"minecraft:tnt":3,"minecraft:crafting_table":4,"minecraft:white_bed":1,"minecraft:flower_pot":3,"minecraft:diamond_pickaxe":1064,"minecraft:iron_pickaxe":1494,"minecraft:fishing_rod":34,"minecraft:cobblestone":290,"minecraft:potion":1,"minecraft:cooked_porkchop":21,"minecraft:bucket":17,"minecraft:smooth_stone":1},"minecraft:picked_up":{"minecraft:wooden_axe":2,"minecraft:iron_chestplate":4,"minecraft:wheat":36,"minecraft:flower_pot":4,"minecraft:diamond_sword":1,"minecraft:potion":4,"minecraft:amethyst_block":17,"minecraft:string":54,"minecraft:raw_copper":44,"minecraft:pufferfish":4,"minecraft:diamond_leggings":1,"minecraft:cobbled_deepslate":622,"minecraft:smooth_stone":1,"minecraft:bucket":5,"minecraft:trial_key":20,"minecraft:calcite":12,"minecraft:wooden_shovel":1,"minecraft:iron_pickaxe":4,"minecraft:furnace":3,"minecraft:tipped_arrow":58,"minecraft:stick":60,"minecraft:torch":256,"minecraft:porkchop":44,"minecraft:diorite":44,"minecraft:golden_chestplate":1,"minecraft:stone_sword":3,"minecraft:honey_bottle":5,"minecraft:rotten_flesh":51,"minecraft:tropical_fish":1,"minecraft:obsidian":8,"minecraft:cod":34,"minecraft:cobblestone":1421,"minecraft:birch_log":7,"minecraft:feather":14,"minecraft:cooked_beef":65,"minecraft:andesite":45,"minecraft:brown_wool":2,"minecraft:flint":13,"minecraft:tuff":4,"minecraft:dirt":226,"minecraft:lapis_lazuli":158,"minecraft:polished_granite":3,"minecraft:leather_boots":1,"minecraft:bone":84,"minecraft:bow":7,"minecraft:wheat_seeds":131,"minecraft:raw_gold":13,"minecraft:bolt_armor_trim_smithing_template":1,"minecraft:diamond_helmet":1,"minecraft:scrape_pottery_sherd":5,"minecraft:stone_hoe":1,"minecraft:oak_planks":143,"minecraft:ghast_tear":2,"minecraft:cooked_porkchop":9,"minecraft:sand":310,"minecraft:dead_bush":2,"minecraft:diamond":45,"minecraft:waxed_oxidized_copper_grate":3,"minecraft:crossbow":1,"minecraft:breeze_rod":12,"minecraft:granite":41,"minecraft:golden_apple":1,"minecraft:emerald":49,"minecraft:bread":9,"minecraft:music_disc_precipice":1,"minecraft:oak_sapling":73,"minecraft:netherrack":115,"minecraft:fishing_rod":1,"minecraft:waxed_oxidized_cut_copper":3,"minecraft:crafting_table":4,"minecraft:chicken":17,"minecraft:ladder":1,"minecraft:brown_mushroom":39,"minecraft:wooden_pickaxe":1,"minecraft:gold_block":1,"minecraft:shield":2,"minecraft:brick":159,"minecraft:wind_charge":10,"minecraft:wooden_sword":2,"minecraft:iron_axe":2,"minecraft:beef":46,"minecraft:oak_boat":4,"minecraft:chiseled_tuff":1,"minecraft:light_gray_wool":2,"minecraft:guster_pottery_sherd":1,"minecraft:chest":1,"minecraft:sugar_cane":78,"minecraft:birch_sapling":1,"minecraft:egg":1,"minecraft:phantom_membrane":2,"minecraft:waxed_oxidized_copper":2,"minecraft:raw_iron":221,"minecraft:sandstone":7,"minecraft:oak_door":3,"minecraft:polished_blackstone_bricks":6,"minecraft:flow_pottery_sherd":1,"minecraft:carrot":13,"minecraft:redstone":61,"minecraft:stone_shovel":1,"minecraft:arrow":337,"minecraft:diamond_chestplate":3,"minecraft:cooked_cod":4,"minecraft:diamond_boots":1,"minecraft:tuff_bricks":84,"minecraft:mutton":75,"minecraft:rail":2,"minecraft:white_wool":33,"minecraft:salmon":13,"minecraft:leather":28,"minecraft:red_mushroom":3,"minecraft:birch_planks":15,"minecraft:oak_log":199,"minecraft:waxed_copper_block":20,"minecraft:lily_pad":2,"minecraft:gunpowder":16,"minecraft:cobblestone_stairs":6,"minecraft:wooden_hoe":2,"minecraft:paper":6,"minecraft:apple":4,"minecraft:kelp":32,"minecraft:iron_ingot":37,"minecraft:stone_pickaxe":5,"minecraft:cooked_chicken":3,"minecraft:smooth_basalt":17,"minecraft:emerald_block":1,"minecraft:pumpkin":27,"minecraft:chiseled_stone_bricks":1,"minecraft:quartz":166,"minecraft:gravel":60,"minecraft:crying_obsidian":1,"minecraft:polished_tuff":5,"minecraft:spider_eye":5,"minecraft:stone_axe":1,"minecraft:diamond_axe":1,"minecraft:baked_potato":5,"minecraft:black_wool":2,"minecraft:chiseled_tuff_bricks":10,"minecraft:coal":190,"minecraft:sunflower":5},"minecraft:broken":{"minecraft:wooden_shovel":1,"minecraft:stone_pickaxe":2,"minecraft:wooden_sword":1,"minecraft:wooden_axe":1,"minecraft:stone_shovel":1,"minecraft:wooden_pickaxe":2,"minecraft:iron_axe":2,"minecraft:iron_pickaxe":5}},"DataVersion":3953}