{"stats":{"minecraft:mined":{"minecraft:large_amethyst_bud":1,"minecraft:crying_obsidian":1,"minecraft:tuff":28,"minecraft:mossy_cobblestone":4,"minecraft:deepslate_diamond_ore":28,"minecraft:oak_door":1,"minecraft:cobblestone_stairs":2,"minecraft:obsidian":3,"minecraft:granite":33,"minecraft:grass_block":21,"minecraft:sandstone":3,"minecraft:tuff_bricks":2,"minecraft:redstone_ore":1,"minecraft:furnace":3,"minecraft:iron_ore":138,"minecraft:polished_tuff":2,"minecraft:andesite":67,"minecraft:pumpkin":8,"minecraft:deepslate_lapis_ore":11,"minecraft:gold_block":1,"minecraft:deepslate_iron_ore":20,"minecraft:rail":1,"minecraft:stone":799,"minecraft:deepslate_redstone_ore":14,"minecraft:kelp_plant":6,"minecraft:oak_fence":2,"minecraft:crafting_table":2,"minecraft:torch":3,"minecraft:short_grass":3,"minecraft:calcite":9,"minecraft:chest":1,"minecraft:nether_quartz_ore":30,"minecraft:tall_grass":1,"minecraft:cobblestone":41,"minecraft:copper_ore":5,"minecraft:deepslate_gold_ore":9,"minecraft:oak_planks":3,"minecraft:sugar_cane":7,"minecraft:diorite":30,"minecraft:wall_torch":11,"minecraft:amethyst_block":7,"minecraft:birch_log":7,"minecraft:birch_leaves":1,"minecraft:oak_log":49,"minecraft:coal_ore":40,"minecraft:dirt":52,"minecraft:sand":4,"minecraft:gravel":34,"minecraft:cobweb":2,"minecraft:smooth_basalt":13,"minecraft:netherrack":8,"minecraft:gold_ore":4,"minecraft:oak_leaves":26,"minecraft:deepslate":553},"minecraft:picked_up":{"minecraft:wooden_axe":2,"minecraft:crafting_table":2,"minecraft:chicken":1,"minecraft:wooden_pickaxe":1,"minecraft:gold_block":1,"minecraft:amethyst_block":17,"minecraft:string":17,"minecraft:raw_copper":40,"minecraft:wooden_sword":2,"minecraft:pufferfish":1,"minecraft:cobbled_deepslate":621,"minecraft:beef":3,"minecraft:oak_boat":3,"minecraft:calcite":12,"minecraft:wooden_shovel":1,"minecraft:light_gray_wool":1,"minecraft:sugar_cane":16,"minecraft:chest":1,"minecraft:birch_sapling":1,"minecraft:furnace":3,"minecraft:stick":50,"minecraft:raw_iron":183,"minecraft:sandstone":5,"minecraft:oak_door":1,"minecraft:torch":144,"minecraft:porkchop":15,"minecraft:diorite":29,"minecraft:redstone":61,"minecraft:golden_chestplate":1,"minecraft:stone_sword":1,"minecraft:arrow":7,"minecraft:stone_shovel":1,"minecraft:rotten_flesh":7,"minecraft:tuff_bricks":2,"minecraft:obsidian":4,"minecraft:mutton":8,"minecraft:rail":2,"minecraft:cod":16,"minecraft:white_wool":9,"minecraft:cobblestone":1104,"minecraft:birch_log":7,"minecraft:feather":2,"minecraft:cooked_beef":3,"minecraft:salmon":5,"minecraft:andesite":33,"minecraft:leather":3,"minecraft:birch_planks":15,"minecraft:flint":5,"minecraft:tuff":4,"minecraft:oak_log":56,"minecraft:lily_pad":1,"minecraft:gunpowder":5,"minecraft:cobblestone_stairs":2,"minecraft:dirt":83,"minecraft:wooden_hoe":2,"minecraft:lapis_lazuli":65,"minecraft:leather_boots":1,"minecraft:bone":12,"minecraft:apple":3,"minecraft:kelp":32,"minecraft:raw_gold":13,"minecraft:iron_ingot":19,"minecraft:stone_pickaxe":3,"minecraft:oak_planks":113,"minecraft:stone_hoe":1,"minecraft:smooth_basalt":17,"minecraft:cooked_porkchop":9,"minecraft:pumpkin":8,"minecraft:quartz":30,"minecraft:gravel":13,"minecraft:sand":4,"minecraft:polished_tuff":1,"minecraft:crying_obsidian":1,"minecraft:diamond":41,"minecraft:stone_axe":1,"minecraft:granite":25,"minecraft:oak_sapling":62,"minecraft:netherrack":8,"minecraft:coal":87},"minecraft:used":{"minecraft:flint_and_steel":1,"minecraft:stone_shovel":38,"minecraft:chest":3,"minecraft:shield":5,"minecraft:cooked_salmon":5,"minecraft:oak_door":3,"minecraft:torch":35,"minecraft:dirt":15,"minecraft:obsidian":4,"minecraft:wooden_axe":44,"minecraft:lava_bucket":1,"minecraft:iron_axe":154,"minecraft:oak_sapling":53,"minecraft:furnace":9,"minecraft:cooked_cod":8,"minecraft:cooked_beef":3,"minecraft:cobbled_deepslate":142,"minecraft:cobblestone_stairs":31,"minecraft:birch_planks":5,"minecraft:stone_pickaxe":210,"minecraft:oak_planks":25,"minecraft:wooden_pickaxe":118,"minecraft:sugar_cane":9,"minecraft:crafting_table":1,"minecraft:white_bed":1,"minecraft:diamond_pickaxe":881,"minecraft:iron_pickaxe":743,"minecraft:gravel":1,"minecraft:fishing_rod":17,"minecraft:wooden_sword":57,"minecraft:cobblestone":210,"minecraft:cooked_porkchop":16,"minecraft:bucket":5,"minecraft:oak_boat":3},"minecraft:broken":{"minecraft:wooden_pickaxe":2,"minecraft:stone_pickaxe":2,"minecraft:wooden_sword":1,"minecraft:iron_pickaxe":3,"minecraft:wooden_axe":1},"minecraft:dropped":{"minecraft:stone_hoe":1,"minecraft:cooked_porkchop":8,"minecraft:cobblestone":428,"minecraft:polished_tuff":1,"minecraft:amethyst_block":17,"minecraft:granite":23,"minecraft:coal":27,"minecraft:diorite":28,"minecraft:wooden_hoe":1,"minecraft:wooden_axe":1,"minecraft:cooked_cod":6,"minecraft:sand":1,"minecraft:iron_pickaxe":1,"minecraft:string":7,"minecraft:white_wool":6,"minecraft:smooth_basalt":16,"minecraft:gravel":12,"minecraft:stone_axe":1,"minecraft:sugar_cane":7,"minecraft:cooked_chicken":1,"minecraft:cobbled_deepslate":429,"minecraft:stone_sword":1,"minecraft:raw_copper":32,"minecraft:tuff":3,"minecraft:stone_shovel":1,"minecraft:oak_planks":76,"minecraft:cooked_mutton":8,"minecraft:andesite":13,"minecraft:oak_sapling":9,"minecraft:wooden_shovel":1,"minecraft:sandstone":2,"minecraft:stone_pickaxe":1,"minecraft:wooden_pickaxe":1,"minecraft:calcite":12,"minecraft:netherrack":8},"minecraft:crafted":{"minecraft:oak_door":3,"minecraft:oak_planks":96,"minecraft:stone_shovel":1,"minecraft:fishing_rod":1,"minecraft:cooked_chicken":1,"minecraft:furnace":6,"minecraft:cobblestone_stairs":32,"minecraft:cooked_mutton":8,"minecraft:flint_and_steel":1,"minecraft:diamond_leggings":1,"minecraft:diamond_helmet":1,"minecraft:bow":1,"minecraft:iron_boots":1,"minecraft:iron_axe":1,"minecraft:stone_pickaxe":1,"minecraft:chest":2,"minecraft:diamond_boots":1,"minecraft:cooked_cod":14,"minecraft:cooked_porkchop":15,"minecraft:crafting_table":1,"minecraft:wooden_pickaxe":2,"minecraft:iron_helmet":1,"minecraft:cooked_salmon":5,"minecraft:bucket":4,"minecraft:birch_planks":28,"minecraft:air":0,"minecraft:oak_boat":1,"minecraft:diamond_pickaxe":1,"minecraft:shield":1,"minecraft:stick":16,"minecraft:iron_pickaxe":4,"minecraft:iron_ingot":79,"minecraft:wooden_axe":1,"minecraft:iron_leggings":1,"minecraft:white_bed":1,"minecraft:torch":8,"minecraft:diamond_chestplate":1},"minecraft:custom":{"minecraft:mob_kills":55,"minecraft:interact_with_crafting_table":43,"minecraft:leave_game":6,"minecraft:time_since_death":324360,"minecraft:climb_one_cm":354,"minecraft:sprint_one_cm":566188,"minecraft:walk_one_cm":944548,"minecraft:damage_blocked_by_shield":181,"minecraft:drop":71,"minecraft:play_time":351542,"minecraft:deaths":1,"minecraft:sneak_time":891,"minecraft:walk_under_water_one_cm":19944,"minecraft:boat_one_cm":447325,"minecraft:jump":2704,"minecraft:walk_on_water_one_cm":29117,"minecraft:total_world_time":351542,"minecraft:interact_with_furnace":49,"minecraft:time_since_rest":325107,"minecraft:damage_taken":2070,"minecraft:damage_dealt":8344,"minecraft:swim_one_cm":46017,"minecraft:fly_one_cm":205368,"minecraft:open_chest":48,"minecraft:crouch_one_cm":1416,"minecraft:fish_caught":14,"minecraft:fall_one_cm":45747},"minecraft:killed":{"minecraft:cave_spider":1,"minecraft:spider":9,"minecraft:cod":8,"minecraft:skeleton":7,"minecraft:chicken":1,"minecraft:pig":4,"minecraft:creeper":6,"minecraft:sheep":3,"minecraft:zombie":14,"minecraft:cow":2}},"DataVersion":3953}