{"stats":{"minecraft:crafted":{"minecraft:cooked_cod":6,"minecraft:cooked_porkchop":6,"minecraft:iron_helmet":1,"minecraft:wooden_pickaxe":2,"minecraft:furnace":1,"minecraft:birch_planks":28,"minecraft:air":0,"minecraft:oak_boat":1,"minecraft:iron_boots":1,"minecraft:shield":1,"minecraft:stick":12,"minecraft:iron_ingot":7,"minecraft:iron_pickaxe":1,"minecraft:stone_pickaxe":1,"minecraft:wooden_axe":1,"minecraft:iron_leggings":1,"minecraft:torch":8},"minecraft:dropped":{"minecraft:stone_hoe":1,"minecraft:gravel":2,"minecraft:stone_axe":1,"minecraft:sugar_cane":7,"minecraft:stone_sword":1,"minecraft:raw_copper":32,"minecraft:tuff":3,"minecraft:cooked_porkchop":6,"minecraft:stone_shovel":1,"minecraft:cobblestone":179,"minecraft:oak_planks":64,"minecraft:amethyst_block":17,"minecraft:granite":4,"minecraft:coal":19,"minecraft:diorite":13,"minecraft:wooden_axe":1,"minecraft:andesite":4,"minecraft:oak_sapling":9,"minecraft:wooden_shovel":1,"minecraft:wooden_pickaxe":1,"minecraft:stone_pickaxe":1,"minecraft:calcite":12,"minecraft:smooth_basalt":16},"minecraft:broken":{"minecraft:wooden_sword":1,"minecraft:wooden_axe":1,"minecraft:wooden_pickaxe":2,"minecraft:stone_pickaxe":2},"minecraft:mined":{"minecraft:deepslate_redstone_ore":6,"minecraft:large_amethyst_bud":1,"minecraft:tuff":1,"minecraft:deepslate_diamond_ore":5,"minecraft:kelp_plant":6,"minecraft:crafting_table":2,"minecraft:torch":1,"minecraft:granite":5,"minecraft:short_grass":1,"minecraft:grass_block":6,"minecraft:calcite":9,"minecraft:copper_ore":2,"minecraft:cobblestone":11,"minecraft:sugar_cane":6,"minecraft:diorite":9,"minecraft:wall_torch":2,"minecraft:amethyst_block":7,"minecraft:furnace":3,"minecraft:birch_log":7,"minecraft:iron_ore":28,"minecraft:andesite":19,"minecraft:birch_leaves":1,"minecraft:pumpkin":8,"minecraft:deepslate_lapis_ore":8,"minecraft:coal_ore":27,"minecraft:oak_log":11,"minecraft:rail":1,"minecraft:gravel":4,"minecraft:sand":3,"minecraft:dirt":17,"minecraft:cobweb":2,"minecraft:smooth_basalt":13,"minecraft:stone":333,"minecraft:oak_leaves":2,"minecraft:deepslate":55},"minecraft:custom":{"minecraft:interact_with_furnace":12,"minecraft:mob_kills":28,"minecraft:interact_with_crafting_table":9,"minecraft:leave_game":3,"minecraft:time_since_death":79117,"minecraft:climb_one_cm":354,"minecraft:time_since_rest":79864,"minecraft:sprint_one_cm":123436,"minecraft:damage_taken":971,"minecraft:walk_one_cm":274208,"minecraft:drop":32,"minecraft:damage_dealt":3003,"minecraft:swim_one_cm":33211,"minecraft:fly_one_cm":46959,"minecraft:open_chest":1,"minecraft:crouch_one_cm":408,"minecraft:play_time":106299,"minecraft:deaths":1,"minecraft:sneak_time":425,"minecraft:walk_under_water_one_cm":18330,"minecraft:boat_one_cm":38663,"minecraft:jump":823,"minecraft:walk_on_water_one_cm":15323,"minecraft:total_world_time":106299,"minecraft:fall_one_cm":16016},"minecraft:killed":{"minecraft:pig":4,"minecraft:spider":1,"minecraft:cod":8,"minecraft:creeper":1,"minecraft:sheep":3,"minecraft:zombie":8,"minecraft:chicken":1,"minecraft:cow":2},"minecraft:picked_up":{"minecraft:wooden_axe":2,"minecraft:birch_log":7,"minecraft:crafting_table":2,"minecraft:cooked_beef":3,"minecraft:feather":2,"minecraft:chicken":1,"minecraft:andesite":23,"minecraft:leather":2,"minecraft:wooden_pickaxe":1,"minecraft:birch_planks":15,"minecraft:tuff":3,"minecraft:oak_log":22,"minecraft:amethyst_block":17,"minecraft:lapis_lazuli":54,"minecraft:wooden_hoe":2,"minecraft:string":4,"minecraft:dirt":38,"minecraft:raw_copper":32,"minecraft:wooden_sword":2,"minecraft:bone":4,"minecraft:kelp":32,"minecraft:cobbled_deepslate":59,"minecraft:stone_pickaxe":3,"minecraft:iron_ingot":19,"minecraft:beef":3,"minecraft:oak_boat":1,"minecraft:calcite":12,"minecraft:wooden_shovel":1,"minecraft:light_gray_wool":1,"minecraft:sugar_cane":13,"minecraft:stone_hoe":1,"minecraft:birch_sapling":1,"minecraft:oak_planks":110,"minecraft:furnace":3,"minecraft:stick":8,"minecraft:raw_iron":52,"minecraft:sandstone":2,"minecraft:smooth_basalt":17,"minecraft:cooked_porkchop":9,"minecraft:pumpkin":8,"minecraft:torch":130,"minecraft:gravel":3,"minecraft:porkchop":15,"minecraft:sand":3,"minecraft:diorite":13,"minecraft:redstone":25,"minecraft:golden_chestplate":1,"minecraft:stone_sword":1,"minecraft:rotten_flesh":6,"minecraft:stone_shovel":1,"minecraft:diamond":5,"minecraft:stone_axe":1,"minecraft:granite":4,"minecraft:oak_sapling":9,"minecraft:mutton":8,"minecraft:obsidian":1,"minecraft:cod":8,"minecraft:coal":66,"minecraft:white_wool":2,"minecraft:rail":2,"minecraft:cobblestone":692},"minecraft:used":{"minecraft:birch_planks":2,"minecraft:stone_pickaxe":210,"minecraft:wooden_pickaxe":118,"minecraft:torch":11,"minecraft:dirt":8,"minecraft:obsidian":1,"minecraft:wooden_axe":44,"minecraft:iron_pickaxe":237,"minecraft:gravel":1,"minecraft:wooden_sword":57,"minecraft:cobblestone":74,"minecraft:furnace":2,"minecraft:cooked_porkchop":5,"minecraft:cooked_cod":6,"minecraft:oak_boat":1}},"DataVersion":3953}