{"stats":{"minecraft:custom":{"minecraft:interact_with_crafting_table":65,"minecraft:open_barrel":6,"minecraft:leave_game":9,"minecraft:time_since_death":640328,"minecraft:sprint_one_cm":1048712,"minecraft:damage_blocked_by_shield":4800,"minecraft:drop":192,"minecraft:talked_to_villager":2,"minecraft:play_time":667510,"minecraft:deaths":1,"minecraft:jump":4843,"minecraft:walk_on_water_one_cm":79018,"minecraft:enchant_item":14,"minecraft:interact_with_furnace":101,"minecraft:sleep_in_bed":3,"minecraft:damage_dealt":37933,"minecraft:crouch_one_cm":2047,"minecraft:inspect_dispenser":11,"minecraft:interact_with_anvil":1,"minecraft:mob_kills":292,"minecraft:climb_one_cm":14599,"minecraft:walk_one_cm":1958106,"minecraft:walk_under_water_one_cm":51118,"minecraft:sneak_time":1396,"minecraft:boat_one_cm":570523,"minecraft:total_world_time":667510,"minecraft:pot_flower":2,"minecraft:time_since_rest":58375,"minecraft:damage_taken":5642,"minecraft:fly_one_cm":453027,"minecraft:swim_one_cm":142505,"minecraft:open_chest":156,"minecraft:fish_caught":27,"minecraft:fall_one_cm":97886},"minecraft:used":{"minecraft:tuff_bricks":72,"minecraft:iron_shovel":236,"minecraft:ladder":1,"minecraft:chest":5,"minecraft:shield":120,"minecraft:obsidian":6,"minecraft:lava_bucket":5,"minecraft:bow":66,"minecraft:oak_sapling":53,"minecraft:furnace":9,"minecraft:cooked_cod":23,"minecraft:stone_pickaxe":210,"minecraft:oak_planks":40,"minecraft:wooden_pickaxe":118,"minecraft:diamond_axe":19,"minecraft:sugar_cane":9,"minecraft:sand":83,"minecraft:bread":1,"minecraft:string":1,"minecraft:gravel":1,"minecraft:diamond_sword":513,"minecraft:wooden_sword":57,"minecraft:oak_boat":6,"minecraft:bone_meal":26,"minecraft:enchanting_table":1,"minecraft:flint_and_steel":3,"minecraft:stone_shovel":152,"minecraft:wooden_shovel":59,"minecraft:cooked_chicken":14,"minecraft:cooked_salmon":15,"minecraft:trial_key":8,"minecraft:netherrack":16,"minecraft:oak_door":6,"minecraft:torch":72,"minecraft:dirt":164,"minecraft:anvil":1,"minecraft:iron_hoe":25,"minecraft:wooden_axe":44,"minecraft:iron_axe":245,"minecraft:cooked_beef":3,"minecraft:cobbled_deepslate":203,"minecraft:wheat_seeds":36,"minecraft:cooked_mutton":16,"minecraft:water_bucket":12,"minecraft:cobblestone_stairs":36,"minecraft:birch_planks":5,"minecraft:tnt":3,"minecraft:crafting_table":4,"minecraft:white_bed":1,"minecraft:flower_pot":3,"minecraft:diamond_pickaxe":1064,"minecraft:iron_pickaxe":1197,"minecraft:fishing_rod":34,"minecraft:cobblestone":237,"minecraft:cooked_porkchop":20,"minecraft:bucket":17,"minecraft:smooth_stone":1},"minecraft:dropped":{"minecraft:cooked_beef":4,"minecraft:cooked_porkchop":9,"minecraft:dirt":5,"minecraft:scrape_pottery_sherd":3,"minecraft:cooked_cod":11,"minecraft:sand":20,"minecraft:iron_pickaxe":3,"minecraft:fishing_rod":2,"minecraft:white_wool":6,"minecraft:bone":3,"minecraft:gravel":20,"minecraft:stone_axe":1,"minecraft:sugar_cane":7,"minecraft:cooked_chicken":4,"minecraft:golden_chestplate":1,"minecraft:chiseled_tuff_bricks":2,"minecraft:cobbled_deepslate":437,"minecraft:wheat":12,"minecraft:rotten_flesh":23,"minecraft:oak_planks":76,"minecraft:cooked_mutton":22,"minecraft:waxed_copper_block":16,"minecraft:carrot":13,"minecraft:chiseled_stone_bricks":1,"minecraft:tipped_arrow":45,"minecraft:chiseled_tuff":1,"minecraft:polished_granite":3,"minecraft:netherrack":8,"minecraft:stone_hoe":1,"minecraft:cobblestone":444,"minecraft:polished_tuff":4,"minecraft:amethyst_block":17,"minecraft:apple":4,"minecraft:granite":27,"minecraft:coal":49,"minecraft:stick":15,"minecraft:diorite":36,"minecraft:wooden_hoe":1,"minecraft:wooden_axe":1,"minecraft:dead_bush":1,"minecraft:iron_axe":1,"minecraft:string":7,"minecraft:lily_pad":2,"minecraft:bucket":1,"minecraft:smooth_basalt":17,"minecraft:tuff_bricks":5,"minecraft:flow_pottery_sherd":1,"minecraft:stone_sword":2,"minecraft:raw_copper":32,"minecraft:tuff":3,"minecraft:raw_iron":13,"minecraft:stone_shovel":1,"minecraft:filled_map":1,"minecraft:trial_key":1,"minecraft:andesite":13,"minecraft:oak_sapling":9,"minecraft:wooden_shovel":1,"minecraft:spider_eye":5,"minecraft:sandstone":2,"minecraft:bow":1,"minecraft:stone_pickaxe":2,"minecraft:wooden_pickaxe":1,"minecraft:calcite":12,"minecraft:waxed_oxidized_copper_grate":3,"minecraft:brick":80},"minecraft:mined":{"minecraft:large_amethyst_bud":1,"minecraft:spruce_planks":1,"minecraft:farmland":1,"minecraft:cobblestone_stairs":6,"minecraft:obsidian":7,"minecraft:granite":55,"minecraft:grass_block":42,"minecraft:chiseled_tuff_bricks":12,"minecraft:tuff_bricks":90,"minecraft:chiseled_stone_bricks":2,"minecraft:smooth_stone":1,"minecraft:iron_ore":144,"minecraft:cobbled_deepslate":1,"minecraft:polished_tuff":4,"minecraft:pumpkin":28,"minecraft:deepslate_lapis_ore":11,"minecraft:spruce_slab":1,"minecraft:tripwire":1,"minecraft:deepslate_redstone_ore":14,"minecraft:brown_mushroom":10,"minecraft:kelp_plant":6,"minecraft:torch":23,"minecraft:calcite":9,"minecraft:chest":1,"minecraft:nether_quartz_ore":52,"minecraft:cobblestone":48,"minecraft:sugar_cane":30,"minecraft:oak_planks":3,"minecraft:wall_torch":18,"minecraft:amethyst_block":7,"minecraft:waxed_oxidized_cut_copper_stairs":1,"minecraft:birch_log":7,"minecraft:wheat":24,"minecraft:waxed_copper_block":15,"minecraft:oak_log":49,"minecraft:waxed_oxidized_copper":2,"minecraft:sand":381,"minecraft:dirt":76,"minecraft:smooth_basalt":13,"minecraft:netherrack":36,"minecraft:oak_leaves":26,"minecraft:deepslate":556,"minecraft:suspicious_gravel":5,"minecraft:crying_obsidian":1,"minecraft:tuff":28,"minecraft:mossy_cobblestone":4,"minecraft:deepslate_diamond_ore":28,"minecraft:oak_door":3,"minecraft:ladder":1,"minecraft:decorated_pot":23,"minecraft:red_mushroom":3,"minecraft:sandstone":74,"minecraft:redstone_ore":1,"minecraft:waxed_oxidized_cut_copper":6,"minecraft:furnace":3,"minecraft:waxed_copper_grate":1,"minecraft:andesite":79,"minecraft:gold_block":1,"minecraft:chiseled_tuff":2,"minecraft:deepslate_iron_ore":20,"minecraft:rail":1,"minecraft:waxed_weathered_copper_bulb":1,"minecraft:stone":1003,"minecraft:polished_granite":2,"minecraft:oak_fence":2,"minecraft:crafting_table":4,"minecraft:short_grass":75,"minecraft:tall_grass":15,"minecraft:copper_ore":7,"minecraft:lapis_ore":5,"minecraft:deepslate_gold_ore":9,"minecraft:diorite":51,"minecraft:waxed_oxidized_copper_grate":1,"minecraft:birch_leaves":1,"minecraft:coal_ore":100,"minecraft:flower_pot":3,"minecraft:sunflower":6,"minecraft:gravel":101,"minecraft:cobweb":5,"minecraft:stone_bricks":2,"minecraft:mossy_stone_bricks":3,"minecraft:gold_ore":4},"minecraft:killed":{"minecraft:cave_spider":14,"minecraft:spider":24,"minecraft:cod":14,"minecraft:skeleton":23,"minecraft:chicken":16,"minecraft:piglin_brute":1,"minecraft:pig":18,"minecraft:salmon":2,"minecraft:creeper":14,"minecraft:sheep":32,"minecraft:zombie":35,"minecraft:cow":16,"minecraft:bogged":53,"minecraft:phantom":3,"minecraft:drowned":10,"minecraft:husk":5,"minecraft:breeze":2,"minecraft:enderman":1},"minecraft:broken":{"minecraft:wooden_shovel":1,"minecraft:stone_pickaxe":2,"minecraft:wooden_sword":1,"minecraft:wooden_axe":1,"minecraft:stone_shovel":1,"minecraft:wooden_pickaxe":2,"minecraft:iron_axe":1,"minecraft:iron_pickaxe":4},"minecraft:picked_up":{"minecraft:wooden_axe":2,"minecraft:iron_chestplate":2,"minecraft:wheat":24,"minecraft:flower_pot":4,"minecraft:potion":3,"minecraft:amethyst_block":17,"minecraft:string":52,"minecraft:raw_copper":44,"minecraft:pufferfish":4,"minecraft:cobbled_deepslate":622,"minecraft:smooth_stone":1,"minecraft:bucket":2,"minecraft:trial_key":14,"minecraft:calcite":12,"minecraft:wooden_shovel":1,"minecraft:iron_pickaxe":2,"minecraft:furnace":3,"minecraft:tipped_arrow":56,"minecraft:stick":52,"minecraft:torch":187,"minecraft:porkchop":44,"minecraft:diorite":44,"minecraft:golden_chestplate":1,"minecraft:stone_sword":3,"minecraft:honey_bottle":3,"minecraft:rotten_flesh":45,"minecraft:tropical_fish":1,"minecraft:obsidian":8,"minecraft:cod":34,"minecraft:cobblestone":1339,"minecraft:birch_log":7,"minecraft:feather":14,"minecraft:cooked_beef":3,"minecraft:andesite":45,"minecraft:brown_wool":2,"minecraft:flint":13,"minecraft:tuff":4,"minecraft:dirt":226,"minecraft:lapis_lazuli":97,"minecraft:polished_granite":3,"minecraft:leather_boots":1,"minecraft:bone":81,"minecraft:bow":6,"minecraft:wheat_seeds":83,"minecraft:raw_gold":13,"minecraft:bolt_armor_trim_smithing_template":1,"minecraft:scrape_pottery_sherd":5,"minecraft:oak_planks":141,"minecraft:stone_hoe":1,"minecraft:cooked_porkchop":9,"minecraft:sand":310,"minecraft:dead_bush":2,"minecraft:diamond":45,"minecraft:waxed_oxidized_copper_grate":3,"minecraft:breeze_rod":3,"minecraft:granite":41,"minecraft:golden_apple":1,"minecraft:bread":4,"minecraft:emerald":26,"minecraft:music_disc_precipice":1,"minecraft:oak_sapling":63,"minecraft:netherrack":34,"minecraft:fishing_rod":1,"minecraft:waxed_oxidized_cut_copper":3,"minecraft:crafting_table":4,"minecraft:chicken":17,"minecraft:ladder":1,"minecraft:brown_mushroom":11,"minecraft:wooden_pickaxe":1,"minecraft:gold_block":1,"minecraft:brick":159,"minecraft:wind_charge":10,"minecraft:iron_axe":1,"minecraft:wooden_sword":2,"minecraft:beef":44,"minecraft:oak_boat":3,"minecraft:chiseled_tuff":1,"minecraft:light_gray_wool":2,"minecraft:guster_pottery_sherd":1,"minecraft:chest":1,"minecraft:sugar_cane":60,"minecraft:birch_sapling":1,"minecraft:waxed_oxidized_copper":2,"minecraft:phantom_membrane":2,"minecraft:raw_iron":221,"minecraft:sandstone":7,"minecraft:oak_door":3,"minecraft:flow_pottery_sherd":1,"minecraft:carrot":13,"minecraft:redstone":61,"minecraft:diamond_chestplate":1,"minecraft:arrow":134,"minecraft:stone_shovel":1,"minecraft:cooked_cod":4,"minecraft:tuff_bricks":84,"minecraft:mutton":75,"minecraft:white_wool":33,"minecraft:rail":2,"minecraft:salmon":13,"minecraft:leather":27,"minecraft:red_mushroom":3,"minecraft:birch_planks":15,"minecraft:oak_log":62,"minecraft:waxed_copper_block":20,"minecraft:lily_pad":2,"minecraft:cobblestone_stairs":6,"minecraft:gunpowder":12,"minecraft:wooden_hoe":2,"minecraft:paper":6,"minecraft:apple":4,"minecraft:kelp":32,"minecraft:iron_ingot":36,"minecraft:stone_pickaxe":5,"minecraft:cooked_chicken":3,"minecraft:smooth_basalt":17,"minecraft:emerald_block":1,"minecraft:pumpkin":27,"minecraft:chiseled_stone_bricks":1,"minecraft:quartz":52,"minecraft:gravel":60,"minecraft:crying_obsidian":1,"minecraft:spider_eye":5,"minecraft:polished_tuff":5,"minecraft:stone_axe":1,"minecraft:diamond_axe":1,"minecraft:baked_potato":2,"minecraft:chiseled_tuff_bricks":10,"minecraft:black_wool":2,"minecraft:coal":190,"minecraft:sunflower":5},"minecraft:crafted":{"minecraft:oak_planks":120,"minecraft:cooked_chicken":17,"minecraft:cobblestone_stairs":32,"minecraft:cooked_mutton":38,"minecraft:diamond_helmet":1,"minecraft:diamond_leggings":1,"minecraft:bow":1,"minecraft:iron_boots":1,"minecraft:chest":4,"minecraft:wooden_shovel":1,"minecraft:emerald":9,"minecraft:cooked_porkchop":20,"minecraft:crafting_table":2,"minecraft:wooden_pickaxe":2,"minecraft:iron_helmet":1,"minecraft:birch_planks":28,"minecraft:book":14,"minecraft:paper":36,"minecraft:diamond_pickaxe":1,"minecraft:shield":2,"minecraft:stick":32,"minecraft:iron_ingot":169,"minecraft:iron_pickaxe":11,"minecraft:iron_block":3,"minecraft:oak_door":3,"minecraft:stone_shovel":1,"minecraft:fishing_rod":2,"minecraft:furnace":6,"minecraft:bone_meal":39,"minecraft:flint_and_steel":1,"minecraft:iron_axe":4,"minecraft:iron_hoe":1,"minecraft:stone_pickaxe":1,"minecraft:diamond_boots":1,"minecraft:cooked_beef":4,"minecraft:cooked_cod":21,"minecraft:diamond_sword":1,"minecraft:enchanting_table":1,"minecraft:cooked_salmon":13,"minecraft:bucket":4,"minecraft:air":0,"minecraft:oak_boat":3,"minecraft:wooden_axe":1,"minecraft:iron_shovel":1,"minecraft:iron_leggings":1,"minecraft:anvil":1,"minecraft:white_bed":1,"minecraft:torch":8,"minecraft:diamond_chestplate":1}},"DataVersion":3953}