{"stats":{"minecraft:custom":{"minecraft:mob_kills":198,"minecraft:interact_with_crafting_table":59,"minecraft:leave_game":9,"minecraft:time_since_death":532328,"minecraft:climb_one_cm":5177,"minecraft:sprint_one_cm":847142,"minecraft:walk_one_cm":1543360,"minecraft:damage_blocked_by_shield":2674,"minecraft:drop":164,"minecraft:talked_to_villager":2,"minecraft:play_time":559510,"minecraft:deaths":1,"minecraft:sneak_time":1078,"minecraft:walk_under_water_one_cm":41844,"minecraft:boat_one_cm":570523,"minecraft:jump":4229,"minecraft:walk_on_water_one_cm":61294,"minecraft:enchant_item":6,"minecraft:total_world_time":559510,"minecraft:interact_with_furnace":87,"minecraft:pot_flower":2,"minecraft:sleep_in_bed":2,"minecraft:time_since_rest":98678,"minecraft:damage_taken":3288,"minecraft:damage_dealt":25687,"minecraft:swim_one_cm":115474,"minecraft:fly_one_cm":397805,"minecraft:open_chest":100,"minecraft:crouch_one_cm":1588,"minecraft:fish_caught":27,"minecraft:fall_one_cm":80521},"minecraft:used":{"minecraft:tuff_bricks":16,"minecraft:enchanting_table":1,"minecraft:flint_and_steel":1,"minecraft:stone_shovel":145,"minecraft:ladder":1,"minecraft:chest":5,"minecraft:shield":54,"minecraft:cooked_salmon":12,"minecraft:netherrack":16,"minecraft:oak_door":6,"minecraft:torch":46,"minecraft:dirt":154,"minecraft:obsidian":4,"minecraft:iron_hoe":25,"minecraft:wooden_axe":44,"minecraft:lava_bucket":5,"minecraft:iron_axe":234,"minecraft:bow":18,"minecraft:furnace":9,"minecraft:oak_sapling":53,"minecraft:cooked_cod":14,"minecraft:cooked_beef":3,"minecraft:cobbled_deepslate":203,"minecraft:wheat_seeds":24,"minecraft:cooked_mutton":7,"minecraft:water_bucket":12,"minecraft:cobblestone_stairs":36,"minecraft:birch_planks":5,"minecraft:stone_pickaxe":210,"minecraft:oak_planks":40,"minecraft:wooden_pickaxe":118,"minecraft:sugar_cane":9,"minecraft:crafting_table":3,"minecraft:white_bed":1,"minecraft:flower_pot":3,"minecraft:diamond_pickaxe":901,"minecraft:iron_pickaxe":1060,"minecraft:gravel":1,"minecraft:diamond_sword":293,"minecraft:fishing_rod":34,"minecraft:wooden_sword":57,"minecraft:cobblestone":228,"minecraft:cooked_porkchop":20,"minecraft:bucket":17,"minecraft:oak_boat":6,"minecraft:bone_meal":26,"minecraft:smooth_stone":1},"minecraft:dropped":{"minecraft:stone_hoe":1,"minecraft:cooked_beef":4,"minecraft:cooked_porkchop":9,"minecraft:cobblestone":444,"minecraft:polished_tuff":1,"minecraft:apple":4,"minecraft:amethyst_block":17,"minecraft:granite":27,"minecraft:coal":49,"minecraft:dirt":5,"minecraft:diorite":36,"minecraft:wooden_hoe":1,"minecraft:scrape_pottery_sherd":2,"minecraft:wooden_axe":1,"minecraft:cooked_cod":11,"minecraft:sand":1,"minecraft:iron_axe":1,"minecraft:iron_pickaxe":3,"minecraft:string":7,"minecraft:lily_pad":2,"minecraft:fishing_rod":1,"minecraft:white_wool":6,"minecraft:smooth_basalt":17,"minecraft:gravel":20,"minecraft:stone_axe":1,"minecraft:tuff_bricks":2,"minecraft:sugar_cane":7,"minecraft:cooked_chicken":1,"minecraft:stone_sword":2,"minecraft:flow_pottery_sherd":1,"minecraft:golden_chestplate":1,"minecraft:chiseled_tuff_bricks":2,"minecraft:cobbled_deepslate":437,"minecraft:raw_copper":32,"minecraft:wheat":12,"minecraft:tuff":3,"minecraft:stone_shovel":1,"minecraft:raw_iron":13,"minecraft:rotten_flesh":23,"minecraft:oak_planks":76,"minecraft:cooked_mutton":22,"minecraft:chiseled_stone_bricks":1,"minecraft:andesite":13,"minecraft:wooden_shovel":1,"minecraft:oak_sapling":9,"minecraft:spider_eye":5,"minecraft:sandstone":2,"minecraft:wooden_pickaxe":1,"minecraft:stone_pickaxe":2,"minecraft:chiseled_tuff":1,"minecraft:polished_granite":3,"minecraft:calcite":12,"minecraft:netherrack":8,"minecraft:brick":22},"minecraft:mined":{"minecraft:large_amethyst_bud":1,"minecraft:crying_obsidian":1,"minecraft:tuff":28,"minecraft:farmland":1,"minecraft:mossy_cobblestone":4,"minecraft:deepslate_diamond_ore":28,"minecraft:oak_door":3,"minecraft:cobblestone_stairs":6,"minecraft:obsidian":7,"minecraft:granite":46,"minecraft:ladder":1,"minecraft:grass_block":42,"minecraft:decorated_pot":8,"minecraft:chiseled_tuff_bricks":3,"minecraft:red_mushroom":1,"minecraft:sandstone":3,"minecraft:tuff_bricks":17,"minecraft:chiseled_stone_bricks":2,"minecraft:smooth_stone":1,"minecraft:redstone_ore":1,"minecraft:furnace":3,"minecraft:iron_ore":144,"minecraft:cobbled_deepslate":1,"minecraft:polished_tuff":3,"minecraft:andesite":79,"minecraft:pumpkin":28,"minecraft:deepslate_lapis_ore":11,"minecraft:gold_block":1,"minecraft:chiseled_tuff":2,"minecraft:deepslate_iron_ore":20,"minecraft:rail":1,"minecraft:stone":955,"minecraft:deepslate_redstone_ore":14,"minecraft:brown_mushroom":10,"minecraft:kelp_plant":6,"minecraft:polished_granite":2,"minecraft:oak_fence":2,"minecraft:crafting_table":4,"minecraft:torch":6,"minecraft:short_grass":71,"minecraft:calcite":9,"minecraft:chest":1,"minecraft:cobblestone":41,"minecraft:copper_ore":7,"minecraft:nether_quartz_ore":52,"minecraft:tall_grass":13,"minecraft:deepslate_gold_ore":9,"minecraft:lapis_ore":5,"minecraft:oak_planks":3,"minecraft:sugar_cane":16,"minecraft:diorite":45,"minecraft:wall_torch":15,"minecraft:amethyst_block":7,"minecraft:birch_log":7,"minecraft:wheat":12,"minecraft:birch_leaves":1,"minecraft:oak_log":49,"minecraft:coal_ore":63,"minecraft:sunflower":6,"minecraft:gravel":101,"minecraft:flower_pot":3,"minecraft:sand":5,"minecraft:dirt":66,"minecraft:cobweb":2,"minecraft:smooth_basalt":13,"minecraft:mossy_stone_bricks":3,"minecraft:stone_bricks":2,"minecraft:netherrack":36,"minecraft:gold_ore":4,"minecraft:oak_leaves":26,"minecraft:deepslate":553,"minecraft:suspicious_gravel":5},"minecraft:killed":{"minecraft:cave_spider":5,"minecraft:spider":22,"minecraft:cod":14,"minecraft:phantom":1,"minecraft:skeleton":21,"minecraft:chicken":16,"minecraft:drowned":9,"minecraft:piglin_brute":1,"minecraft:pig":15,"minecraft:husk":4,"minecraft:salmon":2,"minecraft:creeper":14,"minecraft:sheep":32,"minecraft:zombie":27,"minecraft:enderman":1,"minecraft:cow":13},"minecraft:broken":{"minecraft:wooden_pickaxe":2,"minecraft:stone_pickaxe":2,"minecraft:iron_axe":1,"minecraft:wooden_sword":1,"minecraft:iron_pickaxe":4,"minecraft:wooden_axe":1},"minecraft:picked_up":{"minecraft:wooden_axe":2,"minecraft:crafting_table":4,"minecraft:wheat":12,"minecraft:chicken":17,"minecraft:ladder":1,"minecraft:flower_pot":3,"minecraft:brown_mushroom":11,"minecraft:wooden_pickaxe":1,"minecraft:gold_block":1,"minecraft:brick":49,"minecraft:amethyst_block":17,"minecraft:string":37,"minecraft:raw_copper":44,"minecraft:wooden_sword":2,"minecraft:pufferfish":4,"minecraft:smooth_stone":1,"minecraft:cobbled_deepslate":622,"minecraft:beef":39,"minecraft:oak_boat":3,"minecraft:chiseled_tuff":1,"minecraft:calcite":12,"minecraft:wooden_shovel":1,"minecraft:iron_pickaxe":1,"minecraft:light_gray_wool":2,"minecraft:birch_sapling":1,"minecraft:sugar_cane":34,"minecraft:chest":1,"minecraft:phantom_membrane":1,"minecraft:furnace":3,"minecraft:stick":52,"minecraft:raw_iron":221,"minecraft:sandstone":5,"minecraft:oak_door":3,"minecraft:torch":151,"minecraft:porkchop":38,"minecraft:flow_pottery_sherd":1,"minecraft:diorite":44,"minecraft:redstone":61,"minecraft:golden_chestplate":1,"minecraft:cooked_cod":4,"minecraft:rotten_flesh":36,"minecraft:stone_sword":3,"minecraft:arrow":38,"minecraft:stone_shovel":1,"minecraft:tropical_fish":1,"minecraft:tuff_bricks":18,"minecraft:mutton":75,"minecraft:obsidian":8,"minecraft:cod":34,"minecraft:rail":2,"minecraft:white_wool":33,"minecraft:cobblestone":1324,"minecraft:birch_log":7,"minecraft:feather":14,"minecraft:cooked_beef":3,"minecraft:brown_wool":2,"minecraft:andesite":45,"minecraft:salmon":13,"minecraft:leather":24,"minecraft:red_mushroom":1,"minecraft:birch_planks":15,"minecraft:flint":13,"minecraft:tuff":4,"minecraft:oak_log":62,"minecraft:lily_pad":2,"minecraft:gunpowder":12,"minecraft:cobblestone_stairs":6,"minecraft:lapis_lazuli":97,"minecraft:wooden_hoe":2,"minecraft:dirt":187,"minecraft:paper":6,"minecraft:polished_granite":3,"minecraft:leather_boots":1,"minecraft:bone":24,"minecraft:apple":4,"minecraft:kelp":32,"minecraft:wheat_seeds":49,"minecraft:raw_gold":13,"minecraft:iron_ingot":26,"minecraft:stone_pickaxe":5,"minecraft:stone_hoe":1,"minecraft:oak_planks":141,"minecraft:scrape_pottery_sherd":2,"minecraft:smooth_basalt":17,"minecraft:cooked_porkchop":9,"minecraft:pumpkin":27,"minecraft:chiseled_stone_bricks":1,"minecraft:quartz":52,"minecraft:gravel":60,"minecraft:sand":4,"minecraft:crying_obsidian":1,"minecraft:polished_tuff":1,"minecraft:spider_eye":5,"minecraft:diamond":42,"minecraft:stone_axe":1,"minecraft:granite":38,"minecraft:black_wool":2,"minecraft:emerald":9,"minecraft:oak_sapling":63,"minecraft:netherrack":34,"minecraft:coal":153,"minecraft:chiseled_tuff_bricks":2,"minecraft:sunflower":5},"minecraft:crafted":{"minecraft:oak_door":3,"minecraft:oak_planks":96,"minecraft:stone_shovel":1,"minecraft:fishing_rod":2,"minecraft:cooked_chicken":1,"minecraft:furnace":6,"minecraft:cobblestone_stairs":32,"minecraft:bone_meal":39,"minecraft:cooked_mutton":38,"minecraft:flint_and_steel":1,"minecraft:diamond_helmet":1,"minecraft:bow":1,"minecraft:diamond_leggings":1,"minecraft:iron_boots":1,"minecraft:iron_axe":3,"minecraft:iron_hoe":1,"minecraft:stone_pickaxe":1,"minecraft:chest":4,"minecraft:diamond_boots":1,"minecraft:cooked_beef":4,"minecraft:cooked_cod":21,"minecraft:diamond_sword":1,"minecraft:cooked_porkchop":20,"minecraft:crafting_table":2,"minecraft:enchanting_table":1,"minecraft:iron_helmet":1,"minecraft:wooden_pickaxe":2,"minecraft:cooked_salmon":12,"minecraft:birch_planks":28,"minecraft:bucket":4,"minecraft:air":0,"minecraft:oak_boat":3,"minecraft:book":6,"minecraft:paper":18,"minecraft:diamond_pickaxe":1,"minecraft:shield":1,"minecraft:stick":16,"minecraft:iron_ingot":168,"minecraft:iron_pickaxe":9,"minecraft:wooden_axe":1,"minecraft:iron_leggings":1,"minecraft:white_bed":1,"minecraft:torch":8,"minecraft:diamond_chestplate":1}},"DataVersion":3953}