{"stats":{"minecraft:custom":{"minecraft:jump":84,"minecraft:time_since_rest":12224,"minecraft:damage_dealt":850,"minecraft:crouch_one_cm":13,"minecraft:play_time":12224,"minecraft:leave_game":4,"minecraft:sprint_one_cm":13572,"minecraft:time_since_death":12224,"minecraft:walk_one_cm":13809,"minecraft:sneak_time":6,"minecraft:total_world_time":12224,"minecraft:mob_kills":3,"minecraft:fly_one_cm":82433,"minecraft:player_kills":1},"minecraft:picked_up":{"minecraft:bone":2,"minecraft:arrow":2,"minecraft:string":2},"minecraft:killed":{"minecraft:spider":1,"minecraft:skeleton":1,"minecraft:stray":1},"minecraft:used":{"minecraft:netherite_sword":7}},"DataVersion":3953}