{"stats":{"minecraft:custom":{"minecraft:jump":29,"minecraft:time_since_rest":529,"minecraft:leave_game":1,"minecraft:deaths":2,"minecraft:sprint_one_cm":1074,"minecraft:play_time":3921,"minecraft:damage_taken":510,"minecraft:time_since_death":325,"minecraft:walk_one_cm":2414,"minecraft:total_world_time":3921,"minecraft:fall_one_cm":404,"minecraft:fly_one_cm":1771},"minecraft:picked_up":{"minecraft:wheat_seeds":1},"minecraft:mined":{"minecraft:short_grass":3},"minecraft:killed_by":{"minecraft:player":1,"minecraft:spider":1}},"DataVersion":3953}