{"stats":{"minecraft:picked_up":{"minecraft:oak_log":6,"minecraft:dirt":1},"minecraft:used":{"minecraft:dirt":1,"minecraft:oak_log":2},"minecraft:killed_by":{"minecraft:zombie":1},"minecraft:mined":{"minecraft:grass_block":1,"minecraft:oak_log":6,"minecraft:oak_leaves":2},"minecraft:custom":{"minecraft:jump":79,"minecraft:damage_dealt":45,"minecraft:time_since_rest":5588,"minecraft:damage_taken":290,"minecraft:leave_game":2,"minecraft:time_since_death":2087,"minecraft:play_time":9049,"minecraft:sprint_one_cm":3690,"minecraft:walk_one_cm":10311,"minecraft:deaths":1,"minecraft:total_world_time":9049,"minecraft:fall_one_cm":1071,"minecraft:fly_one_cm":2992}},"DataVersion":3953}