{"stats":{"minecraft:killed_by":{"minecraft:zombie":1},"minecraft:used":{"minecraft:oak_log":2,"minecraft:dirt":1},"minecraft:custom":{"minecraft:jump":77,"minecraft:time_since_rest":437,"minecraft:damage_dealt":45,"minecraft:damage_taken":270,"minecraft:sprint_one_cm":3690,"minecraft:leave_game":2,"minecraft:play_time":3898,"minecraft:time_since_death":0,"minecraft:walk_one_cm":10266,"minecraft:total_world_time":3898,"minecraft:fall_one_cm":1071,"minecraft:fly_one_cm":2923,"minecraft:deaths":1},"minecraft:picked_up":{"minecraft:oak_log":6,"minecraft:dirt":1},"minecraft:mined":{"minecraft:grass_block":1,"minecraft:oak_log":6,"minecraft:oak_leaves":2}},"DataVersion":3953}