{"stats":{"minecraft:custom":{"minecraft:interact_with_anvil":1,"minecraft:mob_kills":72,"minecraft:interact_with_crafting_table":62,"minecraft:leave_game":8,"minecraft:time_since_death":355456,"minecraft:climb_one_cm":2003,"minecraft:sprint_one_cm":528638,"minecraft:walk_one_cm":944333,"minecraft:drop":86,"minecraft:play_time":355456,"minecraft:sneak_time":16714,"minecraft:walk_under_water_one_cm":187436,"minecraft:jump":2705,"minecraft:walk_on_water_one_cm":110832,"minecraft:total_world_time":355456,"minecraft:interact_with_furnace":92,"minecraft:time_since_rest":355456,"minecraft:damage_taken":3115,"minecraft:damage_dealt":9760,"minecraft:swim_one_cm":62933,"minecraft:fly_one_cm":364488,"minecraft:open_chest":48,"minecraft:crouch_one_cm":65475,"minecraft:fall_one_cm":41208},"minecraft:used":{"minecraft:oak_trapdoor":141,"minecraft:tuff_bricks":5,"minecraft:stone_sword":122,"minecraft:chest":2,"minecraft:iron_sword":127,"minecraft:cooked_chicken":3,"minecraft:torch":55,"minecraft:dirt":54,"minecraft:anvil":1,"minecraft:granite":1,"minecraft:iron_axe":698,"minecraft:oak_sapling":21,"minecraft:furnace":7,"minecraft:cooked_cod":4,"minecraft:cooked_beef":3,"minecraft:cobbled_deepslate":24,"minecraft:cooked_mutton":18,"minecraft:water_bucket":7,"minecraft:diorite":3,"minecraft:stone_pickaxe":131,"minecraft:oak_planks":890,"minecraft:wooden_pickaxe":16,"minecraft:oak_slab":634,"minecraft:crafting_table":10,"minecraft:birch_fence":122,"minecraft:oak_log":27,"minecraft:birch_slab":169,"minecraft:bread":3,"minecraft:iron_pickaxe":469,"minecraft:stone_axe":135,"minecraft:fire_charge":1,"minecraft:cobblestone":252,"minecraft:cooked_porkchop":13,"minecraft:bucket":8},"minecraft:dropped":{"minecraft:iron_ingot":18,"minecraft:porkchop":9,"minecraft:moss_block":4,"minecraft:wheat_seeds":4,"minecraft:cooked_porkchop":9,"minecraft:cobblestone":14,"minecraft:granite":15,"minecraft:activator_rail":4,"minecraft:rail":5,"minecraft:coal":8,"minecraft:oxeye_daisy":1,"minecraft:dirt":6,"minecraft:mutton":3,"minecraft:phantom_membrane":3,"minecraft:iron_axe":1,"minecraft:white_wool":6,"minecraft:smooth_basalt":1,"minecraft:gravel":10,"minecraft:moss_carpet":1,"minecraft:kelp":2,"minecraft:cooked_chicken":1,"minecraft:golden_chestplate":1,"minecraft:stone_sword":3,"minecraft:raw_copper":26,"minecraft:tuff":1,"minecraft:birch_sapling":2,"minecraft:obsidian":2,"minecraft:raw_iron":24,"minecraft:chicken":3,"minecraft:rotten_flesh":7,"minecraft:andesite":5,"minecraft:powered_rail":2,"minecraft:wooden_pickaxe":1,"minecraft:black_wool":2},"minecraft:mined":{"minecraft:large_amethyst_bud":2,"minecraft:tuff":2,"minecraft:deepslate_diamond_ore":9,"minecraft:glow_lichen":1,"minecraft:granite":15,"minecraft:budding_amethyst":10,"minecraft:grass_block":6,"minecraft:birch_slab":18,"minecraft:kelp":1,"minecraft:moss_block":4,"minecraft:oxeye_daisy":1,"minecraft:tuff_bricks":5,"minecraft:tall_seagrass":2,"minecraft:redstone_ore":5,"minecraft:oak_trapdoor":17,"minecraft:furnace":5,"minecraft:fire":1,"minecraft:iron_ore":110,"minecraft:cobbled_deepslate":1,"minecraft:polished_tuff":1,"minecraft:andesite":5,"minecraft:deepslate_lapis_ore":4,"minecraft:azure_bluet":1,"minecraft:deepslate_iron_ore":6,"minecraft:small_amethyst_bud":2,"minecraft:stone":149,"minecraft:oak_slab":35,"minecraft:medium_amethyst_bud":1,"minecraft:amethyst_cluster":7,"minecraft:crafting_table":5,"minecraft:clay":1,"minecraft:torch":10,"minecraft:short_grass":39,"minecraft:cobblestone":10,"minecraft:copper_ore":7,"minecraft:tall_grass":9,"minecraft:deepslate_gold_ore":4,"minecraft:lapis_ore":5,"minecraft:sugar_cane":3,"minecraft:oak_planks":79,"minecraft:diorite":3,"minecraft:wall_torch":10,"minecraft:amethyst_block":128,"minecraft:seagrass":16,"minecraft:birch_log":85,"minecraft:birch_leaves":19,"minecraft:oak_log":437,"minecraft:coal_ore":55,"minecraft:gravel":11,"minecraft:dirt":19,"minecraft:cobweb":10,"minecraft:smooth_basalt":1,"minecraft:gold_ore":7,"minecraft:oak_leaves":137,"minecraft:deepslate":33,"minecraft:birch_fence":2},"minecraft:killed":{"minecraft:spider":8,"minecraft:cod":5,"minecraft:phantom":4,"minecraft:skeleton":12,"minecraft:chicken":5,"minecraft:drowned":1,"minecraft:pig":12,"minecraft:sheep":8,"minecraft:zombie":10,"minecraft:cow":1},"minecraft:broken":{"minecraft:stone_pickaxe":1,"minecraft:iron_axe":2,"minecraft:stone_axe":1,"minecraft:iron_pickaxe":1},"minecraft:picked_up":{"minecraft:crafting_table":5,"minecraft:chicken":9,"minecraft:clay_ball":4,"minecraft:amethyst_block":128,"minecraft:string":14,"minecraft:oak_trapdoor":17,"minecraft:moss_carpet":1,"minecraft:raw_copper":26,"minecraft:iron_axe":1,"minecraft:birch_fence":2,"minecraft:cobbled_deepslate":32,"minecraft:beef":3,"minecraft:sugar_cane":8,"minecraft:birch_sapling":2,"minecraft:phantom_membrane":5,"minecraft:furnace":5,"minecraft:stick":23,"minecraft:raw_iron":116,"minecraft:torch":22,"minecraft:porkchop":25,"minecraft:diorite":3,"minecraft:redstone":24,"minecraft:stone_sword":2,"minecraft:arrow":4,"minecraft:rotten_flesh":10,"minecraft:tuff_bricks":5,"minecraft:mutton":13,"minecraft:obsidian":1,"minecraft:cod":4,"minecraft:white_wool":12,"minecraft:cobblestone":308,"minecraft:oxeye_daisy":1,"minecraft:birch_log":83,"minecraft:feather":12,"minecraft:birch_slab":19,"minecraft:andesite":5,"minecraft:leather":1,"minecraft:flint":2,"minecraft:tuff":1,"minecraft:oak_log":444,"minecraft:lapis_lazuli":43,"minecraft:dirt":60,"minecraft:cooked_mutton":8,"minecraft:bone":13,"minecraft:apple":1,"minecraft:kelp":3,"minecraft:bow":2,"minecraft:wheat_seeds":4,"minecraft:raw_gold":11,"minecraft:cooked_chicken":2,"minecraft:moss_block":4,"minecraft:oak_planks":79,"minecraft:oak_slab":39,"minecraft:smooth_basalt":1,"minecraft:cooked_porkchop":6,"minecraft:gravel":10,"minecraft:amethyst_shard":30,"minecraft:spider_eye":1,"minecraft:diamond":9,"minecraft:granite":16,"minecraft:oak_sapling":23,"minecraft:black_wool":3,"minecraft:coal":73},"minecraft:crafted":{"minecraft:oak_planks":1668,"minecraft:cooked_chicken":4,"minecraft:birch_slab":192,"minecraft:furnace":3,"minecraft:cooked_mutton":10,"minecraft:oak_trapdoor":124,"minecraft:iron_boots":1,"minecraft:iron_axe":3,"minecraft:stone_pickaxe":1,"minecraft:chest":2,"minecraft:cooked_beef":3,"minecraft:cooked_cod":4,"minecraft:oak_slab":672,"minecraft:cooked_porkchop":16,"minecraft:crafting_table":5,"minecraft:wooden_pickaxe":1,"minecraft:iron_helmet":1,"minecraft:iron_sword":1,"minecraft:bucket":1,"minecraft:birch_planks":284,"minecraft:stone_axe":1,"minecraft:air":0,"minecraft:iron_chestplate":1,"minecraft:charcoal":12,"minecraft:birch_fence":120,"minecraft:stick":88,"minecraft:iron_ingot":89,"minecraft:iron_pickaxe":2,"minecraft:iron_block":3,"minecraft:stone_sword":1,"minecraft:iron_leggings":1,"minecraft:gold_ingot":11,"minecraft:anvil":1,"minecraft:torch":40}},"DataVersion":3953}