{"stats":{"minecraft:custom":{"minecraft:interact_with_anvil":1,"minecraft:mob_kills":107,"minecraft:animals_bred":1,"minecraft:interact_with_crafting_table":74,"minecraft:leave_game":8,"minecraft:time_since_death":451456,"minecraft:climb_one_cm":2003,"minecraft:sprint_one_cm":705829,"minecraft:walk_one_cm":1233899,"minecraft:drop":98,"minecraft:talked_to_villager":13,"minecraft:play_time":451456,"minecraft:sneak_time":18866,"minecraft:walk_under_water_one_cm":205198,"minecraft:boat_one_cm":258332,"minecraft:jump":3348,"minecraft:interact_with_blast_furnace":1,"minecraft:walk_on_water_one_cm":127125,"minecraft:enchant_item":1,"minecraft:total_world_time":451456,"minecraft:interact_with_furnace":117,"minecraft:sleep_in_bed":1,"minecraft:time_since_rest":7675,"minecraft:damage_taken":4077,"minecraft:damage_dealt":13873,"minecraft:swim_one_cm":64913,"minecraft:fly_one_cm":461510,"minecraft:open_chest":81,"minecraft:crouch_one_cm":70456,"minecraft:fall_one_cm":54903,"minecraft:inspect_dispenser":5},"minecraft:used":{"minecraft:oak_trapdoor":141,"minecraft:tuff_bricks":5,"minecraft:stone_sword":122,"minecraft:stone_shovel":131,"minecraft:chest":2,"minecraft:iron_sword":219,"minecraft:cooked_chicken":8,"minecraft:torch":63,"minecraft:dirt":54,"minecraft:anvil":1,"minecraft:granite":1,"minecraft:iron_axe":917,"minecraft:birch_sapling":1,"minecraft:black_stained_glass":48,"minecraft:oak_sapling":33,"minecraft:furnace":8,"minecraft:cooked_cod":4,"minecraft:cooked_beef":3,"minecraft:cobbled_deepslate":24,"minecraft:cooked_mutton":26,"minecraft:water_bucket":9,"minecraft:diorite":3,"minecraft:stone_pickaxe":131,"minecraft:oak_planks":1026,"minecraft:wooden_pickaxe":16,"minecraft:sugar_cane":3,"minecraft:oak_slab":637,"minecraft:crafting_table":11,"minecraft:birch_fence":122,"minecraft:oak_log":40,"minecraft:diamond_pickaxe":22,"minecraft:birch_slab":169,"minecraft:bread":3,"minecraft:iron_pickaxe":491,"minecraft:stone_axe":135,"minecraft:fire_charge":1,"minecraft:cobblestone":285,"minecraft:cooked_porkchop":16,"minecraft:bucket":10,"minecraft:oak_boat":4,"minecraft:birch_stairs":3},"minecraft:dropped":{"minecraft:iron_ingot":18,"minecraft:porkchop":9,"minecraft:moss_block":4,"minecraft:wheat_seeds":4,"minecraft:cooked_porkchop":9,"minecraft:cobblestone":14,"minecraft:granite":15,"minecraft:activator_rail":4,"minecraft:rail":5,"minecraft:coal":8,"minecraft:oxeye_daisy":1,"minecraft:dirt":6,"minecraft:mutton":3,"minecraft:phantom_membrane":3,"minecraft:iron_axe":1,"minecraft:white_wool":6,"minecraft:smooth_basalt":1,"minecraft:gravel":10,"minecraft:moss_carpet":1,"minecraft:kelp":3,"minecraft:cooked_chicken":1,"minecraft:golden_chestplate":1,"minecraft:stone_sword":3,"minecraft:raw_copper":26,"minecraft:tuff":1,"minecraft:birch_sapling":2,"minecraft:obsidian":2,"minecraft:raw_iron":24,"minecraft:chicken":3,"minecraft:rotten_flesh":14,"minecraft:iron_boots":1,"minecraft:andesite":5,"minecraft:oak_sapling":9,"minecraft:powered_rail":2,"minecraft:wooden_pickaxe":1,"minecraft:black_wool":2},"minecraft:mined":{"minecraft:large_amethyst_bud":2,"minecraft:tuff":2,"minecraft:deepslate_diamond_ore":9,"minecraft:glow_lichen":1,"minecraft:granite":19,"minecraft:budding_amethyst":10,"minecraft:grass_block":6,"minecraft:birch_slab":18,"minecraft:chiseled_tuff_bricks":1,"minecraft:red_mushroom":5,"minecraft:kelp":1,"minecraft:moss_block":4,"minecraft:oxeye_daisy":1,"minecraft:tuff_bricks":26,"minecraft:tall_seagrass":2,"minecraft:redstone_ore":5,"minecraft:oak_trapdoor":17,"minecraft:furnace":5,"minecraft:fire":1,"minecraft:iron_ore":110,"minecraft:cobbled_deepslate":1,"minecraft:polished_tuff":2,"minecraft:andesite":5,"minecraft:deepslate_lapis_ore":4,"minecraft:azure_bluet":1,"minecraft:deepslate_iron_ore":6,"minecraft:small_amethyst_bud":2,"minecraft:waxed_weathered_copper_bulb":1,"minecraft:stone":149,"minecraft:oak_slab":35,"minecraft:medium_amethyst_bud":1,"minecraft:amethyst_cluster":7,"minecraft:oak_fence":1,"minecraft:crafting_table":5,"minecraft:clay":1,"minecraft:torch":11,"minecraft:short_grass":40,"minecraft:cobblestone":16,"minecraft:copper_ore":7,"minecraft:tall_grass":11,"minecraft:deepslate_gold_ore":4,"minecraft:lapis_ore":5,"minecraft:sugar_cane":8,"minecraft:oak_planks":94,"minecraft:diorite":3,"minecraft:wall_torch":14,"minecraft:amethyst_block":128,"minecraft:seagrass":16,"minecraft:waxed_copper_bulb":4,"minecraft:birch_log":153,"minecraft:birch_leaves":33,"minecraft:waxed_copper_block":5,"minecraft:oak_log":529,"minecraft:coal_ore":55,"minecraft:sand":138,"minecraft:gravel":11,"minecraft:dirt":19,"minecraft:cobweb":10,"minecraft:smooth_basalt":1,"minecraft:gold_ore":7,"minecraft:oak_leaves":165,"minecraft:deepslate":33,"minecraft:birch_fence":2},"minecraft:killed":{"minecraft:bogged":4,"minecraft:spider":9,"minecraft:cod":5,"minecraft:phantom":8,"minecraft:skeleton":12,"minecraft:chicken":8,"minecraft:drowned":1,"minecraft:pig":21,"minecraft:squid":4,"minecraft:sheep":10,"minecraft:zombie":11,"minecraft:cow":2},"minecraft:broken":{"minecraft:stone_pickaxe":1,"minecraft:iron_axe":3,"minecraft:stone_axe":1,"minecraft:iron_pickaxe":1,"minecraft:iron_helmet":1,"minecraft:stone_shovel":1},"minecraft:picked_up":{"minecraft:crafting_table":5,"minecraft:chicken":12,"minecraft:clay_ball":4,"minecraft:amethyst_block":128,"minecraft:string":16,"minecraft:oak_trapdoor":17,"minecraft:moss_carpet":1,"minecraft:raw_copper":26,"minecraft:iron_axe":1,"minecraft:birch_fence":2,"minecraft:cobbled_deepslate":32,"minecraft:beef":6,"minecraft:trial_key":3,"minecraft:oak_boat":4,"minecraft:sugar_cane":17,"minecraft:birch_sapling":3,"minecraft:phantom_membrane":8,"minecraft:furnace":5,"minecraft:tipped_arrow":4,"minecraft:stick":38,"minecraft:raw_iron":116,"minecraft:oak_fence":1,"minecraft:torch":27,"minecraft:porkchop":43,"minecraft:waxed_weathered_copper_bulb":1,"minecraft:diorite":3,"minecraft:redstone":24,"minecraft:stone_sword":2,"minecraft:arrow":8,"minecraft:rotten_flesh":14,"minecraft:tuff_bricks":22,"minecraft:mutton":15,"minecraft:obsidian":1,"minecraft:cod":4,"minecraft:white_wool":13,"minecraft:cobblestone":313,"minecraft:oxeye_daisy":1,"minecraft:birch_log":151,"minecraft:feather":12,"minecraft:birch_slab":19,"minecraft:andesite":5,"minecraft:leather":3,"minecraft:red_mushroom":5,"minecraft:waxed_copper_bulb":4,"minecraft:flint":2,"minecraft:tuff":1,"minecraft:oak_log":536,"minecraft:waxed_copper_block":5,"minecraft:lapis_lazuli":43,"minecraft:dirt":60,"minecraft:cooked_mutton":19,"minecraft:bone":21,"minecraft:apple":2,"minecraft:kelp":3,"minecraft:bow":4,"minecraft:wheat_seeds":4,"minecraft:raw_gold":11,"minecraft:cooked_chicken":3,"minecraft:moss_block":4,"minecraft:oak_planks":94,"minecraft:oak_slab":39,"minecraft:smooth_basalt":1,"minecraft:cooked_porkchop":6,"minecraft:gravel":10,"minecraft:sand":138,"minecraft:amethyst_shard":30,"minecraft:ink_sac":6,"minecraft:polished_tuff":1,"minecraft:spider_eye":1,"minecraft:diamond":9,"minecraft:granite":18,"minecraft:gray_wool":1,"minecraft:baked_potato":1,"minecraft:oak_sapling":42,"minecraft:black_wool":3,"minecraft:coal":73},"minecraft:crafted":{"minecraft:black_dye":6,"minecraft:oak_planks":1856,"minecraft:stone_shovel":1,"minecraft:cooked_chicken":9,"minecraft:birch_slab":192,"minecraft:furnace":3,"minecraft:cooked_mutton":12,"minecraft:oak_trapdoor":124,"minecraft:glass":105,"minecraft:bow":2,"minecraft:iron_boots":1,"minecraft:iron_axe":4,"minecraft:stone_pickaxe":1,"minecraft:chest":2,"minecraft:diamond_boots":1,"minecraft:cooked_beef":3,"minecraft:cooked_cod":4,"minecraft:oak_slab":672,"minecraft:cooked_porkchop":34,"minecraft:crafting_table":6,"minecraft:wooden_pickaxe":1,"minecraft:iron_helmet":2,"minecraft:iron_sword":2,"minecraft:bucket":1,"minecraft:birch_planks":428,"minecraft:stone_axe":1,"minecraft:air":0,"minecraft:black_stained_glass":48,"minecraft:oak_boat":1,"minecraft:iron_chestplate":2,"minecraft:diamond_pickaxe":1,"minecraft:charcoal":12,"minecraft:birch_fence":120,"minecraft:stick":88,"minecraft:iron_ingot":89,"minecraft:iron_pickaxe":2,"minecraft:oak_stairs":20,"minecraft:iron_block":3,"minecraft:stone_sword":1,"minecraft:iron_leggings":2,"minecraft:gold_ingot":11,"minecraft:anvil":1,"minecraft:birch_stairs":52,"minecraft:torch":40}},"DataVersion":3953}