{"stats":{"minecraft:custom":{"minecraft:animals_bred":1,"minecraft:interact_with_crafting_table":74,"minecraft:open_barrel":7,"minecraft:leave_game":9,"minecraft:time_since_death":13700,"minecraft:sprint_one_cm":887201,"minecraft:drop":202,"minecraft:talked_to_villager":13,"minecraft:play_time":531401,"minecraft:deaths":5,"minecraft:jump":3984,"minecraft:walk_on_water_one_cm":148666,"minecraft:enchant_item":1,"minecraft:interact_with_furnace":129,"minecraft:sleep_in_bed":1,"minecraft:damage_dealt":17784,"minecraft:crouch_one_cm":78126,"minecraft:inspect_dispenser":26,"minecraft:mob_kills":138,"minecraft:interact_with_anvil":1,"minecraft:climb_one_cm":11392,"minecraft:walk_one_cm":1635822,"minecraft:sneak_time":21962,"minecraft:walk_under_water_one_cm":225116,"minecraft:boat_one_cm":258332,"minecraft:interact_with_blast_furnace":1,"minecraft:total_world_time":531401,"minecraft:time_since_rest":13780,"minecraft:damage_taken":7349,"minecraft:fly_one_cm":522386,"minecraft:swim_one_cm":64913,"minecraft:open_chest":94,"minecraft:fall_one_cm":84665},"minecraft:used":{"minecraft:tuff_bricks":53,"minecraft:chiseled_tuff":2,"minecraft:chest":2,"minecraft:iron_sword":308,"minecraft:iron_chestplate":2,"minecraft:waxed_copper_grate":4,"minecraft:tuff":28,"minecraft:waxed_oxidized_copper_grate":2,"minecraft:birch_sapling":1,"minecraft:iron_helmet":1,"minecraft:bow":24,"minecraft:furnace":8,"minecraft:oak_sapling":33,"minecraft:cooked_cod":4,"minecraft:diorite":3,"minecraft:waxed_weathered_copper_bulb":1,"minecraft:stone_pickaxe":131,"minecraft:oak_planks":1026,"minecraft:wooden_pickaxe":16,"minecraft:sugar_cane":3,"minecraft:birch_fence":122,"minecraft:birch_slab":169,"minecraft:bread":3,"minecraft:chiseled_tuff_bricks":3,"minecraft:fire_charge":1,"minecraft:oak_boat":4,"minecraft:waxed_copper_bulb":6,"minecraft:oak_trapdoor":141,"minecraft:stone_sword":122,"minecraft:stone_shovel":131,"minecraft:cooked_chicken":13,"minecraft:trial_key":9,"minecraft:torch":69,"minecraft:dirt":54,"minecraft:anvil":1,"minecraft:granite":3,"minecraft:iron_axe":917,"minecraft:black_stained_glass":48,"minecraft:cooked_beef":3,"minecraft:cobbled_deepslate":24,"minecraft:iron_leggings":1,"minecraft:cooked_mutton":30,"minecraft:water_bucket":11,"minecraft:baked_potato":1,"minecraft:oak_slab":637,"minecraft:crafting_table":11,"minecraft:oak_log":40,"minecraft:diamond_pickaxe":172,"minecraft:iron_pickaxe":491,"minecraft:stone_axe":135,"minecraft:cobblestone":360,"minecraft:cooked_porkchop":30,"minecraft:bucket":12,"minecraft:birch_stairs":3},"minecraft:dropped":{"minecraft:moss_block":4,"minecraft:porkchop":9,"minecraft:cooked_beef":80,"minecraft:cooked_porkchop":14,"minecraft:decorated_pot":1,"minecraft:rail":5,"minecraft:red_mushroom":3,"minecraft:dirt":10,"minecraft:mutton":3,"minecraft:phantom_membrane":3,"minecraft:bolt_armor_trim_smithing_template":1,"minecraft:iron_pickaxe":1,"minecraft:white_wool":6,"minecraft:waxed_cut_copper_slab":1,"minecraft:gravel":10,"minecraft:cobbled_deepslate":22,"minecraft:cooked_chicken":1,"minecraft:golden_chestplate":1,"minecraft:chiseled_tuff_bricks":21,"minecraft:birch_sapling":2,"minecraft:obsidian":2,"minecraft:rotten_flesh":16,"minecraft:waxed_copper_block":18,"minecraft:ladder":2,"minecraft:powered_rail":2,"minecraft:water_bucket":1,"minecraft:iron_ingot":18,"minecraft:wheat_seeds":4,"minecraft:cobblestone":21,"minecraft:waxed_copper_grate":3,"minecraft:polished_tuff":3,"minecraft:granite":15,"minecraft:activator_rail":4,"minecraft:copper_ingot":23,"minecraft:coal":8,"minecraft:oxeye_daisy":1,"minecraft:waxed_weathered_copper_bulb":1,"minecraft:waxed_oxidized_copper":3,"minecraft:dead_bush":1,"minecraft:iron_axe":2,"minecraft:string":3,"minecraft:bucket":1,"minecraft:smooth_basalt":1,"minecraft:bricks":6,"minecraft:moss_carpet":1,"minecraft:kelp":3,"minecraft:tuff_bricks":29,"minecraft:stone_sword":3,"minecraft:raw_copper":26,"minecraft:tuff":1,"minecraft:raw_iron":24,"minecraft:chicken":3,"minecraft:iron_boots":1,"minecraft:flower_pot":1,"minecraft:trial_key":2,"minecraft:waxed_cut_copper":1,"minecraft:iron_chestplate":4,"minecraft:andesite":5,"minecraft:oak_sapling":9,"minecraft:waxed_oxidized_cut_copper":9,"minecraft:spider_eye":2,"minecraft:bow":3,"minecraft:wooden_pickaxe":1,"minecraft:brick":19,"minecraft:black_wool":2},"minecraft:mined":{"minecraft:waxed_cut_copper_slab":1,"minecraft:large_amethyst_bud":2,"minecraft:potted_dead_bush":1,"minecraft:granite":19,"minecraft:budding_amethyst":10,"minecraft:grass_block":6,"minecraft:chiseled_tuff_bricks":10,"minecraft:oxeye_daisy":1,"minecraft:tuff_bricks":79,"minecraft:tall_seagrass":2,"minecraft:cobbled_deepslate":1,"minecraft:iron_ore":110,"minecraft:fire":1,"minecraft:polished_tuff":5,"minecraft:deepslate_lapis_ore":4,"minecraft:azure_bluet":1,"minecraft:small_amethyst_bud":2,"minecraft:waxed_cut_copper":1,"minecraft:medium_amethyst_bud":1,"minecraft:amethyst_cluster":7,"minecraft:clay":1,"minecraft:torch":11,"minecraft:cobblestone":23,"minecraft:oak_planks":94,"minecraft:sugar_cane":8,"minecraft:wall_torch":16,"minecraft:amethyst_block":128,"minecraft:seagrass":16,"minecraft:waxed_copper_bulb":16,"minecraft:red_candle":2,"minecraft:birch_log":153,"minecraft:light_gray_stained_glass":3,"minecraft:waxed_copper_block":19,"minecraft:oak_log":529,"minecraft:waxed_oxidized_copper":1,"minecraft:sand":138,"minecraft:dirt":24,"minecraft:smooth_basalt":1,"minecraft:oak_leaves":165,"minecraft:deepslate":53,"minecraft:tuff":2,"minecraft:deepslate_diamond_ore":9,"minecraft:glow_lichen":1,"minecraft:decorated_pot":11,"minecraft:birch_slab":18,"minecraft:moss_block":4,"minecraft:kelp":1,"minecraft:red_mushroom":8,"minecraft:redstone_ore":5,"minecraft:oak_trapdoor":17,"minecraft:furnace":5,"minecraft:waxed_copper_grate":6,"minecraft:andesite":5,"minecraft:chiseled_tuff":2,"minecraft:deepslate_iron_ore":6,"minecraft:waxed_weathered_copper_bulb":1,"minecraft:stone":149,"minecraft:oak_slab":35,"minecraft:oak_fence":1,"minecraft:crafting_table":5,"minecraft:short_grass":40,"minecraft:tall_grass":11,"minecraft:copper_ore":7,"minecraft:lapis_ore":5,"minecraft:deepslate_gold_ore":4,"minecraft:diorite":3,"minecraft:waxed_oxidized_copper_grate":2,"minecraft:birch_leaves":33,"minecraft:coal_ore":55,"minecraft:gravel":11,"minecraft:cobweb":13,"minecraft:gold_ore":7,"minecraft:birch_fence":2},"minecraft:killed":{"minecraft:cave_spider":1,"minecraft:spider":9,"minecraft:cod":5,"minecraft:skeleton":12,"minecraft:chicken":8,"minecraft:pig":21,"minecraft:sheep":10,"minecraft:zombie":11,"minecraft:cow":2,"minecraft:bogged":25,"minecraft:phantom":8,"minecraft:drowned":1,"minecraft:husk":1,"minecraft:squid":4,"minecraft:breeze":7},"minecraft:broken":{"minecraft:stone_pickaxe":1,"minecraft:stone_axe":1,"minecraft:iron_sword":1,"minecraft:stone_shovel":1,"minecraft:iron_axe":3,"minecraft:iron_pickaxe":1,"minecraft:iron_helmet":1},"minecraft:killed_by":{"minecraft:bogged":5},"minecraft:picked_up":{"minecraft:iron_chestplate":10,"minecraft:flower_pot":1,"minecraft:potion":2,"minecraft:enchanted_book":4,"minecraft:amethyst_block":128,"minecraft:waxed_cut_copper_slab":1,"minecraft:string":35,"minecraft:raw_copper":26,"minecraft:iron_leggings":4,"minecraft:red_candle":7,"minecraft:cobbled_deepslate":76,"minecraft:bucket":1,"minecraft:trial_key":17,"minecraft:iron_pickaxe":2,"minecraft:furnace":5,"minecraft:tipped_arrow":256,"minecraft:stick":38,"minecraft:oak_fence":1,"minecraft:torch":44,"minecraft:porkchop":43,"minecraft:waxed_weathered_copper_bulb":3,"minecraft:waxed_copper_grate":8,"minecraft:diorite":3,"minecraft:stone_sword":2,"minecraft:honey_bottle":2,"minecraft:rotten_flesh":16,"minecraft:waxed_cut_copper":1,"minecraft:obsidian":1,"minecraft:cod":4,"minecraft:snowball":11,"minecraft:cobblestone":822,"minecraft:birch_log":151,"minecraft:feather":12,"minecraft:cooked_beef":40,"minecraft:birch_slab":19,"minecraft:water_bucket":6,"minecraft:andesite":18,"minecraft:flint":2,"minecraft:tuff":1,"minecraft:lapis_lazuli":43,"minecraft:dirt":67,"minecraft:bone":256,"minecraft:bow":12,"minecraft:wheat_seeds":4,"minecraft:raw_gold":11,"minecraft:bolt_armor_trim_smithing_template":1,"minecraft:moss_block":4,"minecraft:oak_planks":94,"minecraft:cooked_porkchop":23,"minecraft:sand":138,"minecraft:ink_sac":6,"minecraft:dead_bush":1,"minecraft:diamond":19,"minecraft:waxed_oxidized_copper_grate":2,"minecraft:granite":18,"minecraft:crossbow":4,"minecraft:breeze_rod":18,"minecraft:golden_apple":4,"minecraft:bread":4,"minecraft:emerald":48,"minecraft:oak_sapling":42,"minecraft:diamond_pickaxe":5,"minecraft:lingering_potion":13,"minecraft:waxed_oxidized_cut_copper":9,"minecraft:crafting_table":5,"minecraft:ominous_bottle":5,"minecraft:chicken":12,"minecraft:ladder":6,"minecraft:clay_ball":4,"minecraft:brick":81,"minecraft:wind_charge":71,"minecraft:oak_trapdoor":17,"minecraft:moss_carpet":1,"minecraft:iron_axe":7,"minecraft:birch_fence":2,"minecraft:beef":6,"minecraft:oak_boat":5,"minecraft:chiseled_tuff":2,"minecraft:sugar_cane":17,"minecraft:birch_sapling":3,"minecraft:phantom_membrane":8,"minecraft:waxed_oxidized_copper":3,"minecraft:raw_iron":116,"minecraft:copper_ingot":11,"minecraft:fire_charge":64,"minecraft:redstone":24,"minecraft:arrow":193,"minecraft:decorated_pot":1,"minecraft:diamond_boots":5,"minecraft:waxed_oxidized_cut_copper_stairs":1,"minecraft:tuff_bricks":237,"minecraft:mutton":15,"minecraft:white_wool":13,"minecraft:oxeye_daisy":1,"minecraft:golden_carrot":4,"minecraft:leather":3,"minecraft:red_mushroom":13,"minecraft:waxed_copper_bulb":56,"minecraft:oak_log":536,"minecraft:waxed_copper_block":63,"minecraft:cooked_mutton":100,"minecraft:apple":2,"minecraft:kelp":3,"minecraft:iron_ingot":28,"minecraft:cooked_chicken":9,"minecraft:iron_sword":6,"minecraft:oak_slab":39,"minecraft:smooth_basalt":1,"minecraft:gravel":10,"minecraft:amethyst_shard":30,"minecraft:spider_eye":4,"minecraft:polished_tuff":7,"minecraft:iron_helmet":5,"minecraft:gray_wool":1,"minecraft:baked_potato":6,"minecraft:black_wool":3,"minecraft:coal":73,"minecraft:chiseled_tuff_bricks":30,"minecraft:ender_pearl":12},"minecraft:crafted":{"minecraft:black_dye":6,"minecraft:oak_planks":1856,"minecraft:cooked_chicken":9,"minecraft:birch_slab":192,"minecraft:cooked_mutton":55,"minecraft:glass":105,"minecraft:bow":2,"minecraft:iron_boots":1,"minecraft:chest":2,"minecraft:bricks":6,"minecraft:oak_slab":672,"minecraft:cooked_porkchop":34,"minecraft:crafting_table":6,"minecraft:iron_helmet":2,"minecraft:wooden_pickaxe":1,"minecraft:copper_ingot":12,"minecraft:birch_planks":428,"minecraft:iron_chestplate":2,"minecraft:charcoal":12,"minecraft:diamond_pickaxe":1,"minecraft:birch_fence":120,"minecraft:stick":88,"minecraft:iron_ingot":89,"minecraft:iron_pickaxe":2,"minecraft:iron_block":3,"minecraft:stone_sword":1,"minecraft:gold_ingot":11,"minecraft:birch_stairs":52,"minecraft:stone_shovel":1,"minecraft:furnace":3,"minecraft:oak_trapdoor":124,"minecraft:iron_axe":4,"minecraft:stone_pickaxe":1,"minecraft:diamond_boots":1,"minecraft:cooked_beef":43,"minecraft:cooked_cod":4,"minecraft:iron_sword":2,"minecraft:bucket":1,"minecraft:stone_axe":1,"minecraft:air":0,"minecraft:black_stained_glass":48,"minecraft:oak_boat":1,"minecraft:oak_stairs":20,"minecraft:iron_leggings":2,"minecraft:anvil":1,"minecraft:torch":40}},"DataVersion":3953}