{"stats":{"minecraft:killed":{"minecraft:cave_spider":1,"minecraft:spider":10,"minecraft:cod":5,"minecraft:skeleton":14,"minecraft:chicken":9,"minecraft:pig":21,"minecraft:sheep":10,"minecraft:pillager":3,"minecraft:zombie":12,"minecraft:cow":2,"minecraft:bogged":25,"minecraft:phantom":8,"minecraft:drowned":2,"minecraft:husk":1,"minecraft:squid":10,"minecraft:breeze":7},"minecraft:custom":{"minecraft:animals_bred":1,"minecraft:interact_with_crafting_table":88,"minecraft:open_barrel":7,"minecraft:leave_game":9,"minecraft:time_since_death":85656,"minecraft:sprint_one_cm":998170,"minecraft:drop":205,"minecraft:talked_to_villager":13,"minecraft:play_time":603357,"minecraft:deaths":5,"minecraft:jump":4417,"minecraft:walk_on_water_one_cm":166367,"minecraft:enchant_item":1,"minecraft:interact_with_furnace":131,"minecraft:sleep_in_bed":1,"minecraft:damage_dealt":19240,"minecraft:crouch_one_cm":152157,"minecraft:inspect_dispenser":26,"minecraft:mob_kills":153,"minecraft:interact_with_anvil":1,"minecraft:climb_one_cm":11392,"minecraft:walk_one_cm":1822351,"minecraft:sneak_time":43812,"minecraft:walk_under_water_one_cm":258932,"minecraft:boat_one_cm":258332,"minecraft:interact_with_blast_furnace":1,"minecraft:total_world_time":603357,"minecraft:time_since_rest":85736,"minecraft:damage_taken":7702,"minecraft:swim_one_cm":97632,"minecraft:fly_one_cm":591545,"minecraft:open_chest":121,"minecraft:fall_one_cm":94429},"minecraft:dropped":{"minecraft:iron_sword":1,"minecraft:moss_block":4,"minecraft:porkchop":9,"minecraft:cooked_beef":80,"minecraft:cooked_porkchop":14,"minecraft:decorated_pot":1,"minecraft:rail":5,"minecraft:red_mushroom":3,"minecraft:dirt":10,"minecraft:mutton":3,"minecraft:phantom_membrane":3,"minecraft:bolt_armor_trim_smithing_template":1,"minecraft:iron_pickaxe":1,"minecraft:white_wool":6,"minecraft:waxed_cut_copper_slab":1,"minecraft:gravel":10,"minecraft:cooked_chicken":1,"minecraft:golden_chestplate":1,"minecraft:chiseled_tuff_bricks":21,"minecraft:cobbled_deepslate":22,"minecraft:birch_sapling":2,"minecraft:obsidian":2,"minecraft:rotten_flesh":18,"minecraft:waxed_copper_block":18,"minecraft:ladder":2,"minecraft:powered_rail":2,"minecraft:water_bucket":1,"minecraft:iron_ingot":18,"minecraft:wheat_seeds":4,"minecraft:cobblestone":21,"minecraft:waxed_copper_grate":3,"minecraft:polished_tuff":3,"minecraft:granite":15,"minecraft:activator_rail":4,"minecraft:copper_ingot":23,"minecraft:coal":8,"minecraft:oxeye_daisy":1,"minecraft:waxed_weathered_copper_bulb":1,"minecraft:waxed_oxidized_copper":3,"minecraft:dead_bush":1,"minecraft:iron_axe":2,"minecraft:string":3,"minecraft:bucket":1,"minecraft:smooth_basalt":1,"minecraft:bricks":6,"minecraft:moss_carpet":1,"minecraft:tuff_bricks":29,"minecraft:kelp":3,"minecraft:stone_sword":3,"minecraft:raw_copper":26,"minecraft:tuff":1,"minecraft:raw_iron":24,"minecraft:chicken":3,"minecraft:iron_boots":1,"minecraft:flower_pot":1,"minecraft:trial_key":2,"minecraft:waxed_cut_copper":1,"minecraft:iron_chestplate":4,"minecraft:andesite":5,"minecraft:oak_sapling":9,"minecraft:waxed_oxidized_cut_copper":9,"minecraft:spider_eye":2,"minecraft:bow":3,"minecraft:wooden_pickaxe":1,"minecraft:black_wool":2,"minecraft:brick":19},"minecraft:killed_by":{"minecraft:bogged":5},"minecraft:crafted":{"minecraft:black_dye":18,"minecraft:oak_planks":1876,"minecraft:cooked_chicken":9,"minecraft:birch_slab":192,"minecraft:cooked_mutton":55,"minecraft:glass":138,"minecraft:bow":2,"minecraft:iron_boots":1,"minecraft:chest":4,"minecraft:bricks":6,"minecraft:oak_slab":672,"minecraft:cooked_porkchop":34,"minecraft:crafting_table":7,"minecraft:wooden_pickaxe":1,"minecraft:iron_helmet":2,"minecraft:copper_ingot":12,"minecraft:birch_planks":872,"minecraft:iron_chestplate":2,"minecraft:charcoal":12,"minecraft:diamond_pickaxe":1,"minecraft:birch_fence":162,"minecraft:stick":164,"minecraft:iron_ingot":89,"minecraft:iron_pickaxe":2,"minecraft:iron_block":3,"minecraft:stone_sword":1,"minecraft:gold_ingot":11,"minecraft:birch_stairs":276,"minecraft:stone_shovel":1,"minecraft:furnace":3,"minecraft:oak_trapdoor":124,"minecraft:iron_axe":5,"minecraft:stone_pickaxe":1,"minecraft:diamond_boots":1,"minecraft:cooked_beef":46,"minecraft:cooked_cod":4,"minecraft:iron_sword":2,"minecraft:bucket":1,"minecraft:stone_axe":1,"minecraft:air":0,"minecraft:black_stained_glass":136,"minecraft:oak_boat":1,"minecraft:oak_stairs":20,"minecraft:iron_leggings":2,"minecraft:anvil":1,"minecraft:torch":40},"minecraft:used":{"minecraft:tuff_bricks":53,"minecraft:chiseled_tuff":2,"minecraft:chest":5,"minecraft:iron_sword":337,"minecraft:iron_chestplate":2,"minecraft:waxed_copper_grate":4,"minecraft:tuff":28,"minecraft:waxed_oxidized_copper_grate":2,"minecraft:birch_sapling":3,"minecraft:iron_helmet":1,"minecraft:bow":33,"minecraft:oak_sapling":35,"minecraft:furnace":8,"minecraft:cooked_cod":4,"minecraft:diorite":3,"minecraft:waxed_weathered_copper_bulb":1,"minecraft:stone_pickaxe":131,"minecraft:oak_planks":1092,"minecraft:wooden_pickaxe":16,"minecraft:sugar_cane":3,"minecraft:birch_fence":165,"minecraft:birch_slab":169,"minecraft:bread":4,"minecraft:chiseled_tuff_bricks":3,"minecraft:fire_charge":1,"minecraft:oak_boat":4,"minecraft:waxed_copper_bulb":6,"minecraft:oak_trapdoor":141,"minecraft:rose_bush":1,"minecraft:stone_sword":122,"minecraft:stone_shovel":131,"minecraft:cooked_chicken":13,"minecraft:trial_key":9,"minecraft:torch":69,"minecraft:dirt":54,"minecraft:anvil":1,"minecraft:granite":3,"minecraft:iron_axe":1259,"minecraft:black_stained_glass":78,"minecraft:cooked_beef":3,"minecraft:cobbled_deepslate":24,"minecraft:iron_leggings":1,"minecraft:cooked_mutton":35,"minecraft:water_bucket":41,"minecraft:birch_planks":14,"minecraft:baked_potato":1,"minecraft:oak_slab":637,"minecraft:crafting_table":12,"minecraft:oak_log":40,"minecraft:diamond_pickaxe":172,"minecraft:iron_pickaxe":491,"minecraft:stone_axe":135,"minecraft:cobblestone":360,"minecraft:white_banner":1,"minecraft:cooked_porkchop":30,"minecraft:bucket":42,"minecraft:birch_stairs":461},"minecraft:picked_up":{"minecraft:iron_chestplate":10,"minecraft:flower_pot":1,"minecraft:enchanted_book":4,"minecraft:potion":2,"minecraft:amethyst_block":128,"minecraft:string":35,"minecraft:waxed_cut_copper_slab":1,"minecraft:raw_copper":26,"minecraft:iron_leggings":4,"minecraft:red_candle":7,"minecraft:cobbled_deepslate":76,"minecraft:bucket":1,"minecraft:trial_key":17,"minecraft:rose_bush":1,"minecraft:iron_pickaxe":2,"minecraft:furnace":5,"minecraft:tipped_arrow":256,"minecraft:stick":44,"minecraft:oak_fence":1,"minecraft:torch":76,"minecraft:porkchop":43,"minecraft:waxed_weathered_copper_bulb":3,"minecraft:waxed_copper_grate":8,"minecraft:diorite":3,"minecraft:stone_sword":2,"minecraft:honey_bottle":2,"minecraft:rotten_flesh":18,"minecraft:waxed_cut_copper":1,"minecraft:obsidian":1,"minecraft:cod":4,"minecraft:snowball":11,"minecraft:cobblestone":822,"minecraft:birch_log":230,"minecraft:feather":14,"minecraft:cooked_beef":40,"minecraft:birch_slab":19,"minecraft:water_bucket":6,"minecraft:andesite":18,"minecraft:flint":2,"minecraft:tuff":1,"minecraft:dirt":67,"minecraft:lapis_lazuli":43,"minecraft:bone":256,"minecraft:bow":12,"minecraft:wheat_seeds":5,"minecraft:raw_gold":11,"minecraft:bolt_armor_trim_smithing_template":1,"minecraft:moss_block":4,"minecraft:oak_planks":109,"minecraft:cooked_porkchop":47,"minecraft:sand":138,"minecraft:ink_sac":18,"minecraft:dead_bush":1,"minecraft:diamond":19,"minecraft:waxed_oxidized_copper_grate":2,"minecraft:breeze_rod":18,"minecraft:crossbow":4,"minecraft:granite":18,"minecraft:golden_apple":4,"minecraft:emerald":48,"minecraft:bread":4,"minecraft:oak_sapling":42,"minecraft:diamond_pickaxe":5,"minecraft:lingering_potion":13,"minecraft:waxed_oxidized_cut_copper":9,"minecraft:crafting_table":6,"minecraft:ominous_bottle":6,"minecraft:chicken":13,"minecraft:ladder":6,"minecraft:clay_ball":4,"minecraft:brick":81,"minecraft:wind_charge":71,"minecraft:oak_trapdoor":17,"minecraft:moss_carpet":1,"minecraft:iron_axe":7,"minecraft:birch_fence":3,"minecraft:beef":6,"minecraft:oak_boat":5,"minecraft:chiseled_tuff":2,"minecraft:sugar_cane":27,"minecraft:chest":1,"minecraft:birch_sapling":5,"minecraft:waxed_oxidized_copper":3,"minecraft:phantom_membrane":8,"minecraft:raw_iron":116,"minecraft:copper_ingot":11,"minecraft:fire_charge":64,"minecraft:redstone":24,"minecraft:arrow":195,"minecraft:decorated_pot":1,"minecraft:diamond_boots":5,"minecraft:waxed_oxidized_cut_copper_stairs":1,"minecraft:tuff_bricks":237,"minecraft:mutton":15,"minecraft:white_wool":13,"minecraft:oxeye_daisy":1,"minecraft:golden_carrot":4,"minecraft:leather":3,"minecraft:red_mushroom":13,"minecraft:birch_planks":10,"minecraft:waxed_copper_bulb":56,"minecraft:oak_log":541,"minecraft:waxed_copper_block":63,"minecraft:white_banner":1,"minecraft:cooked_mutton":100,"minecraft:apple":2,"minecraft:kelp":3,"minecraft:iron_ingot":28,"minecraft:cooked_chicken":9,"minecraft:iron_sword":7,"minecraft:oak_slab":39,"minecraft:smooth_basalt":1,"minecraft:gravel":10,"minecraft:birch_stairs":199,"minecraft:amethyst_shard":30,"minecraft:polished_tuff":7,"minecraft:spider_eye":4,"minecraft:iron_helmet":5,"minecraft:gray_wool":1,"minecraft:baked_potato":6,"minecraft:black_wool":3,"minecraft:coal":73,"minecraft:chiseled_tuff_bricks":30,"minecraft:ender_pearl":12},"minecraft:mined":{"minecraft:waxed_cut_copper_slab":1,"minecraft:large_amethyst_bud":2,"minecraft:granite":19,"minecraft:potted_dead_bush":1,"minecraft:budding_amethyst":10,"minecraft:grass_block":6,"minecraft:chiseled_tuff_bricks":10,"minecraft:oxeye_daisy":1,"minecraft:tuff_bricks":79,"minecraft:tall_seagrass":4,"minecraft:cobbled_deepslate":1,"minecraft:fire":1,"minecraft:iron_ore":110,"minecraft:polished_tuff":5,"minecraft:deepslate_lapis_ore":4,"minecraft:azure_bluet":1,"minecraft:small_amethyst_bud":2,"minecraft:waxed_cut_copper":1,"minecraft:medium_amethyst_bud":1,"minecraft:amethyst_cluster":7,"minecraft:clay":1,"minecraft:torch":11,"minecraft:chest":1,"minecraft:cobblestone":23,"minecraft:oak_planks":110,"minecraft:sugar_cane":12,"minecraft:wall_torch":16,"minecraft:amethyst_block":128,"minecraft:seagrass":16,"minecraft:waxed_copper_bulb":16,"minecraft:red_candle":2,"minecraft:birch_log":232,"minecraft:light_gray_stained_glass":3,"minecraft:waxed_copper_block":19,"minecraft:oak_log":534,"minecraft:waxed_oxidized_copper":1,"minecraft:sand":138,"minecraft:dirt":24,"minecraft:smooth_basalt":1,"minecraft:oak_leaves":167,"minecraft:deepslate":53,"minecraft:tuff":2,"minecraft:deepslate_diamond_ore":9,"minecraft:glow_lichen":1,"minecraft:decorated_pot":11,"minecraft:birch_slab":18,"minecraft:kelp":1,"minecraft:moss_block":4,"minecraft:red_mushroom":8,"minecraft:redstone_ore":5,"minecraft:oak_trapdoor":17,"minecraft:furnace":5,"minecraft:waxed_copper_grate":6,"minecraft:andesite":5,"minecraft:chiseled_tuff":2,"minecraft:deepslate_iron_ore":6,"minecraft:waxed_weathered_copper_bulb":1,"minecraft:stone":149,"minecraft:birch_stairs":213,"minecraft:oak_slab":35,"minecraft:oak_fence":1,"minecraft:crafting_table":6,"minecraft:short_grass":40,"minecraft:rose_bush":1,"minecraft:tall_grass":11,"minecraft:copper_ore":7,"minecraft:deepslate_gold_ore":4,"minecraft:lapis_ore":5,"minecraft:diorite":3,"minecraft:birch_planks":11,"minecraft:waxed_oxidized_copper_grate":2,"minecraft:birch_leaves":44,"minecraft:coal_ore":55,"minecraft:gravel":11,"minecraft:cobweb":13,"minecraft:gold_ore":7,"minecraft:birch_fence":3},"minecraft:broken":{"minecraft:stone_pickaxe":1,"minecraft:stone_axe":1,"minecraft:iron_sword":1,"minecraft:stone_shovel":1,"minecraft:iron_axe":4,"minecraft:iron_pickaxe":1,"minecraft:iron_helmet":1}},"DataVersion":3953}