{"stats":{"minecraft:crafted":{"minecraft:oak_planks":172,"minecraft:cooked_porkchop":15,"minecraft:crafting_table":3,"minecraft:iron_helmet":1,"minecraft:wooden_pickaxe":1,"minecraft:iron_sword":1,"minecraft:furnace":2,"minecraft:bucket":1,"minecraft:stone_axe":1,"minecraft:cooked_mutton":2,"minecraft:air":0,"minecraft:iron_chestplate":1,"minecraft:iron_boots":1,"minecraft:charcoal":12,"minecraft:stick":36,"minecraft:iron_ingot":57,"minecraft:iron_pickaxe":2,"minecraft:stone_pickaxe":1,"minecraft:stone_sword":1,"minecraft:iron_leggings":1,"minecraft:torch":40},"minecraft:dropped":{"minecraft:gravel":10,"minecraft:iron_ingot":18,"minecraft:moss_carpet":1,"minecraft:moss_block":4,"minecraft:kelp":2,"minecraft:porkchop":9,"minecraft:wheat_seeds":4,"minecraft:rotten_flesh":4,"minecraft:golden_chestplate":1,"minecraft:stone_sword":3,"minecraft:raw_copper":26,"minecraft:tuff":1,"minecraft:obsidian":2,"minecraft:cobblestone":2,"minecraft:birch_sapling":2,"minecraft:cooked_porkchop":9,"minecraft:raw_iron":24,"minecraft:granite":15,"minecraft:activator_rail":4,"minecraft:rail":5,"minecraft:dirt":6,"minecraft:mutton":3,"minecraft:andesite":5,"minecraft:powered_rail":2,"minecraft:wooden_pickaxe":1,"minecraft:smooth_basalt":1},"minecraft:broken":{"minecraft:stone_pickaxe":1,"minecraft:iron_pickaxe":1},"minecraft:mined":{"minecraft:large_amethyst_bud":2,"minecraft:tuff":2,"minecraft:deepslate_diamond_ore":9,"minecraft:medium_amethyst_bud":1,"minecraft:amethyst_cluster":7,"minecraft:torch":4,"minecraft:clay":1,"minecraft:crafting_table":5,"minecraft:glow_lichen":1,"minecraft:granite":15,"minecraft:budding_amethyst":10,"minecraft:short_grass":29,"minecraft:grass_block":5,"minecraft:tall_grass":8,"minecraft:copper_ore":7,"minecraft:cobblestone":5,"minecraft:lapis_ore":5,"minecraft:deepslate_gold_ore":4,"minecraft:sugar_cane":3,"minecraft:moss_block":4,"minecraft:oak_planks":20,"minecraft:diorite":3,"minecraft:wall_torch":4,"minecraft:amethyst_block":128,"minecraft:seagrass":14,"minecraft:redstone_ore":5,"minecraft:furnace":5,"minecraft:birch_log":12,"minecraft:iron_ore":110,"minecraft:fire":1,"minecraft:cobbled_deepslate":1,"minecraft:andesite":5,"minecraft:birch_leaves":4,"minecraft:deepslate_lapis_ore":4,"minecraft:azure_bluet":1,"minecraft:coal_ore":55,"minecraft:oak_log":40,"minecraft:deepslate_iron_ore":6,"minecraft:small_amethyst_bud":2,"minecraft:gravel":9,"minecraft:dirt":19,"minecraft:cobweb":10,"minecraft:smooth_basalt":1,"minecraft:stone":149,"minecraft:gold_ore":7,"minecraft:oak_leaves":7,"minecraft:deepslate":33},"minecraft:custom":{"minecraft:interact_with_furnace":53,"minecraft:mob_kills":30,"minecraft:interact_with_crafting_table":24,"minecraft:leave_game":5,"minecraft:time_since_death":106673,"minecraft:climb_one_cm":2003,"minecraft:time_since_rest":106673,"minecraft:sprint_one_cm":136733,"minecraft:damage_taken":956,"minecraft:walk_one_cm":322147,"minecraft:drop":64,"minecraft:damage_dealt":4653,"minecraft:swim_one_cm":3173,"minecraft:fly_one_cm":63318,"minecraft:open_chest":2,"minecraft:crouch_one_cm":2101,"minecraft:play_time":106673,"minecraft:sneak_time":1144,"minecraft:walk_under_water_one_cm":13555,"minecraft:jump":1055,"minecraft:walk_on_water_one_cm":21270,"minecraft:total_world_time":106673,"minecraft:fall_one_cm":18387},"minecraft:killed":{"minecraft:pig":11,"minecraft:spider":1,"minecraft:skeleton":7,"minecraft:sheep":4,"minecraft:zombie":7},"minecraft:picked_up":{"minecraft:birch_log":12,"minecraft:crafting_table":5,"minecraft:clay_ball":4,"minecraft:andesite":5,"minecraft:flint":2,"minecraft:tuff":1,"minecraft:oak_log":43,"minecraft:amethyst_block":128,"minecraft:lapis_lazuli":43,"minecraft:string":10,"minecraft:dirt":24,"minecraft:moss_carpet":1,"minecraft:raw_copper":26,"minecraft:bone":7,"minecraft:kelp":2,"minecraft:bow":1,"minecraft:wheat_seeds":4,"minecraft:cobbled_deepslate":32,"minecraft:raw_gold":11,"minecraft:moss_block":4,"minecraft:sugar_cane":8,"minecraft:birch_sapling":2,"minecraft:oak_planks":22,"minecraft:furnace":5,"minecraft:stick":2,"minecraft:raw_iron":116,"minecraft:smooth_basalt":1,"minecraft:cooked_porkchop":6,"minecraft:torch":10,"minecraft:porkchop":24,"minecraft:gravel":10,"minecraft:amethyst_shard":30,"minecraft:diorite":3,"minecraft:redstone":24,"minecraft:stone_sword":2,"minecraft:rotten_flesh":4,"minecraft:diamond":9,"minecraft:granite":16,"minecraft:mutton":5,"minecraft:black_wool":1,"minecraft:obsidian":1,"minecraft:coal":65,"minecraft:white_wool":3,"minecraft:cobblestone":149},"minecraft:used":{"minecraft:cooked_mutton":2,"minecraft:water_bucket":5,"minecraft:stone_sword":122,"minecraft:stone_pickaxe":131,"minecraft:oak_planks":50,"minecraft:wooden_pickaxe":16,"minecraft:iron_sword":9,"minecraft:torch":30,"minecraft:dirt":9,"minecraft:crafting_table":7,"minecraft:granite":1,"minecraft:iron_pickaxe":455,"minecraft:stone_axe":86,"minecraft:fire_charge":1,"minecraft:cobblestone":118,"minecraft:furnace":6,"minecraft:cooked_porkchop":9,"minecraft:bucket":6,"minecraft:cobbled_deepslate":24}},"DataVersion":3953}